id_credito,segmento,provincia,ingreso_mensual,deuda_ingreso,antiguedad_meses,dias_mora,saldo,score,pd_12m,lgd,ead,perdida_esperada,incumplimiento,clasificacion
EC-000001,Vivienda,Manabí,1509.64,0.425,61,0,35740.85,725,0.002,0.25,28447.63,14.22,0,Normal
EC-000002,Microcrédito,Tungurahua,3237.69,0.2533,83,0,1588.31,829,0.002,0.359,1491.81,1.07,0,Normal
EC-000003,Vivienda,Guayas,2085.7,0.3117,54,5,36479.6,823,0.002,0.25,33487.84,16.74,0,Vigilancia
EC-000004,Productivo,Tungurahua,1176.02,0.2347,51,0,18003.41,826,0.002,0.4023,14990.03,12.06,0,Normal
EC-000005,Consumo,Chimborazo,1185.66,0.6782,179,90,1276.97,643,0.01815,0.6347,1125.9,12.97,0,Dudoso
EC-000006,Comercial,Guayas,5656.66,0.3486,51,90,10942.41,678,0.00552,0.4789,9282.81,24.55,0,Dudoso
EC-000007,Vivienda,Loja,1994.85,0.1758,83,120,29791.99,659,0.00937,0.25,28917.95,67.73,0,Pérdida
EC-000008,Vivienda,Tungurahua,6413.95,0.3513,129,0,31148.95,761,0.002,0.25,25869.62,12.93,0,Normal
EC-000009,Consumo,Tungurahua,1581.51,0.14,40,15,1736.21,809,0.002,0.6397,1601.12,2.05,0,Vigilancia
EC-000010,Microcrédito,Tungurahua,2668.53,0.4539,112,15,7507.73,783,0.002,0.5206,5864.95,6.11,0,Vigilancia
EC-000011,Microcrédito,El Oro,10459.23,0.3752,162,0,2670.16,845,0.002,0.5104,2247.07,2.29,0,Normal
EC-000012,Comercial,Tungurahua,1110.65,0.4236,147,0,29486.97,735,0.002,0.3624,25600.97,18.55,0,Normal
EC-000013,Productivo,Tungurahua,643.18,0.178,6,0,62096.47,856,0.002,0.5262,46528.95,48.96,0,Normal
EC-000014,Vivienda,Pichincha,5096.37,0.2626,73,0,54273.25,794,0.002,0.25,48003.45,24.0,0,Normal
EC-000015,Microcrédito,Imbabura,1290.23,0.3257,1,120,1450.8,621,0.01963,0.5501,1278.02,13.8,0,Pérdida
EC-000016,Consumo,Manabí,2178.82,0.1567,110,45,4137.38,770,0.002,0.3932,3162.82,2.49,0,Deficiente
EC-000017,Microcrédito,Pichincha,1508.93,0.2755,59,0,4813.75,825,0.002,0.5282,4811.93,5.08,0,Normal
EC-000018,Consumo,Manabí,2628.86,0.1265,161,0,2929.42,865,0.002,0.4998,2185.05,2.18,0,Normal
EC-000019,Vivienda,Manabí,1190.53,0.3686,32,0,38309.69,806,0.002,0.25,37186.64,18.59,0,Normal
EC-000020,Productivo,Pichincha,1964.59,0.4761,154,0,103431.42,842,0.002,0.568,88705.31,100.77,0,Normal
EC-000021,Vivienda,Chimborazo,2958.33,0.0562,62,0,26697.13,882,0.002,0.25,20886.7,10.44,0,Normal
EC-000022,Microcrédito,Azuay,1146.65,0.3509,166,15,713.88,761,0.002,0.5163,536.54,0.55,0,Vigilancia
EC-000023,Comercial,Loja,1401.01,0.1278,36,15,13053.76,835,0.002,0.4804,11955.12,11.49,0,Vigilancia
EC-000024,Vivienda,Manabí,1761.99,0.4892,49,45,12816.19,768,0.002,0.25,11935.03,5.97,0,Deficiente
EC-000025,Vivienda,Los Ríos,872.42,0.0876,64,60,32105.06,791,0.002,0.25,29169.48,14.58,0,Deficiente
EC-000026,Consumo,Imbabura,1677.96,0.2868,178,0,1517.98,853,0.002,0.4467,1271.4,1.14,0,Normal
EC-000027,Microcrédito,Imbabura,2385.63,0.4764,133,30,1299.36,684,0.00257,0.4357,998.33,1.12,0,Vigilancia
EC-000028,Consumo,Azuay,1703.25,0.3464,147,0,4406.18,820,0.002,0.5738,4146.53,4.76,0,Normal
EC-000029,Consumo,Los Ríos,1851.23,0.2394,100,0,4580.72,819,0.002,0.6054,4415.56,5.35,0,Normal
EC-000030,Productivo,Los Ríos,2179.96,0.1071,144,0,21399.15,840,0.002,0.3536,17755.39,12.56,0,Normal
EC-000031,Vivienda,Manabí,1441.97,0.2859,113,0,28766.32,817,0.002,0.25,27487.39,13.74,0,Normal
EC-000032,Comercial,El Oro,3460.58,0.3735,121,0,4677.4,811,0.002,0.4516,4200.16,3.79,0,Normal
EC-000033,Microcrédito,Pichincha,5616.06,0.8367,151,0,2356.18,684,0.00275,0.603,2044.12,3.39,0,Normal
EC-000034,Microcrédito,Imbabura,1632.97,0.5274,177,0,2683.75,771,0.002,0.3974,2391.14,1.9,0,Normal
EC-000035,Microcrédito,Chimborazo,3027.16,0.2635,104,90,12480.78,701,0.004,0.6068,9362.71,22.75,0,Dudoso
EC-000036,Consumo,Manabí,1889.84,0.5875,80,0,8299.18,769,0.002,0.5683,6266.81,7.12,0,Normal
EC-000037,Consumo,El Oro,2800.54,0.2697,118,0,11018.82,837,0.002,0.6282,10175.63,12.78,0,Normal
EC-000038,Microcrédito,Manabí,6110.46,0.3664,134,180,3171.34,666,0.03188,0.6768,3144.65,67.84,0,Pérdida
EC-000039,Consumo,Pichincha,3073.67,0.6286,178,5,9502.38,775,0.002,0.5073,8192.81,8.31,0,Vigilancia
EC-000040,Productivo,Tungurahua,697.35,0.1662,126,0,19848.32,858,0.002,0.5808,14590.9,16.95,0,Normal
EC-000041,Microcrédito,Imbabura,2966.38,0.2318,172,90,4278.71,717,0.00317,0.5843,3162.23,5.85,0,Dudoso
EC-000042,Vivienda,Chimborazo,4921.46,0.4052,132,0,19395.04,730,0.002,0.25,16502.51,8.25,0,Normal
EC-000043,Productivo,Chimborazo,1912.11,0.5777,172,0,22528.61,772,0.002,0.521,20369.15,21.22,0,Normal
EC-000044,Consumo,Manabí,4218.2,0.3747,136,0,1307.23,777,0.002,0.3855,997.89,0.77,0,Normal
EC-000045,Vivienda,Chimborazo,1410.11,0.5601,160,0,40687.78,752,0.002,0.25,29671.56,14.84,0,Normal
EC-000046,Vivienda,El Oro,840.84,0.6749,35,45,46024.17,661,0.00678,0.25,42537.9,72.09,0,Deficiente
EC-000047,Microcrédito,Tungurahua,2420.57,0.6798,179,0,3019.98,780,0.002,0.6676,2297.96,3.07,0,Normal
EC-000048,Consumo,Tungurahua,705.07,0.4065,63,5,7814.61,831,0.002,0.4343,6585.3,5.72,0,Vigilancia
EC-000049,Productivo,Chimborazo,1889.65,0.3954,144,15,14018.21,744,0.002,0.5125,12974.66,13.3,0,Vigilancia
EC-000050,Consumo,Imbabura,5097.2,0.5692,71,120,9805.86,549,0.05891,0.6637,7404.23,289.49,0,Pérdida
EC-000051,Consumo,Guayas,638.2,0.1673,83,0,5566.24,842,0.002,0.5733,4697.75,5.39,0,Normal
EC-000052,Consumo,Pichincha,961.34,0.2174,135,0,2682.01,839,0.002,0.5432,2014.75,2.19,0,Normal
EC-000053,Vivienda,Manabí,1129.1,0.2757,98,90,37629.57,651,0.00755,0.25,30754.73,58.05,0,Dudoso
EC-000054,Productivo,El Oro,2119.3,0.4069,129,5,11994.4,787,0.002,0.4465,11700.31,10.45,0,Vigilancia
EC-000055,Productivo,Tungurahua,1741.12,0.2134,15,0,58396.63,839,0.002,0.3608,53264.58,38.44,0,Normal
EC-000056,Vivienda,Manabí,5483.17,0.5188,151,0,10531.12,735,0.002,0.25,7650.5,3.83,0,Normal
EC-000057,Microcrédito,El Oro,4106.5,0.2892,74,30,9465.54,745,0.002,0.4919,7171.6,7.06,0,Vigilancia
EC-000058,Microcrédito,Chimborazo,3047.04,0.1965,142,5,3316.4,817,0.002,0.424,2660.65,2.26,0,Vigilancia
EC-000059,Consumo,Loja,2427.6,0.1461,52,5,8357.19,830,0.002,0.4768,8112.77,7.74,0,Vigilancia
EC-000060,Consumo,Manabí,2851.5,0.5354,108,60,6040.68,709,0.00369,0.6605,5612.91,13.66,0,Deficiente
EC-000061,Productivo,El Oro,1261.06,0.2422,106,0,3854.7,813,0.002,0.63,3441.85,4.34,0,Normal
EC-000062,Microcrédito,Manabí,3855.23,0.3123,26,0,2900.07,807,0.002,0.492,2211.96,2.18,0,Normal
EC-000063,Microcrédito,Chimborazo,1071.88,0.0923,86,5,2828.39,900,0.002,0.6734,2772.06,3.73,0,Vigilancia
EC-000064,Vivienda,Chimborazo,3800.91,0.2766,115,60,89686.73,715,0.002,0.25,84868.42,42.43,0,Deficiente
EC-000065,Productivo,El Oro,4774.25,0.138,151,0,8284.98,842,0.002,0.4652,6520.6,6.07,0,Normal
EC-000066,Microcrédito,Manabí,2532.75,0.447,160,15,7825.46,791,0.002,0.478,6520.26,6.23,0,Vigilancia
EC-000067,Microcrédito,El Oro,1969.36,0.2271,70,0,1173.51,861,0.002,0.6386,985.68,1.26,0,Normal
EC-000068,Consumo,Guayas,2864.65,0.3853,116,0,1787.72,816,0.002,0.4384,1581.24,1.39,0,Normal
EC-000069,Consumo,Manabí,450.0,0.0526,32,90,1520.82,787,0.002,0.4233,1254.59,1.06,0,Dudoso
EC-000070,Microcrédito,Azuay,2687.77,0.4787,162,0,5216.96,792,0.002,0.667,4063.01,5.42,0,Normal
EC-000071,Consumo,Guayas,2051.49,0.2679,157,0,6636.92,757,0.002,0.5923,6018.07,7.13,0,Normal
EC-000072,Microcrédito,Pichincha,2136.86,0.1595,180,30,2384.44,814,0.002,0.602,2169.16,2.61,0,Vigilancia
EC-000073,Vivienda,El Oro,3495.55,0.7658,88,0,28551.84,691,0.00236,0.25,24093.99,14.24,0,Normal
EC-000074,Consumo,Pichincha,2103.59,0.2771,65,0,8711.15,863,0.002,0.5754,7459.03,8.58,0,Normal
EC-000075,Consumo,Tungurahua,1052.44,0.2309,137,45,4096.92,801,0.002,0.3801,3007.91,2.29,0,Deficiente
EC-000076,Consumo,Manabí,2014.42,0.1353,131,0,11039.7,801,0.002,0.5987,9358.44,11.21,0,Normal
EC-000077,Consumo,Loja,2307.48,0.3335,39,15,9723.87,825,0.002,0.4321,9180.41,7.93,0,Vigilancia
EC-000078,Productivo,Imbabura,2379.65,0.469,98,0,14556.37,810,0.002,0.3937,12891.34,10.15,0,Normal
EC-000079,Microcrédito,El Oro,2453.44,0.3128,116,0,8148.06,806,0.002,0.6744,7967.13,10.75,0,Normal
EC-000080,Vivienda,Imbabura,4339.83,0.5666,82,15,47492.88,735,0.002,0.25,43723.07,21.86,0,Vigilancia
EC-000081,Productivo,Imbabura,1090.16,0.3857,67,0,27847.91,832,0.002,0.3604,26114.05,18.83,0,Normal
EC-000082,Microcrédito,Pichincha,2475.52,0.5499,44,60,4885.13,600,0.01271,0.4523,4144.33,23.83,0,Deficiente
EC-000083,Vivienda,Azuay,5107.44,0.1524,75,90,32023.87,748,0.002,0.25,24612.45,12.31,0,Dudoso
EC-000084,Consumo,El Oro,715.16,0.2443,45,45,3240.23,785,0.002,0.6727,3160.56,4.25,0,Deficiente
EC-000085,Consumo,Chimborazo,2481.88,0.3122,55,0,5908.22,803,0.002,0.3891,5344.43,4.16,0,Normal
EC-000086,Consumo,Guayas,1509.46,0.1904,34,0,9688.92,848,0.002,0.4805,9443.34,9.07,0,Normal
EC-000087,Productivo,Guayas,1735.48,0.334,68,60,14021.5,723,0.00221,0.5923,12519.88,16.4,0,Deficiente
EC-000088,Microcrédito,Chimborazo,1226.45,0.1225,114,0,8500.29,826,0.002,0.563,7201.91,8.11,0,Normal
EC-000089,Consumo,Chimborazo,1977.9,0.4584,68,15,4132.75,724,0.002,0.427,3131.5,2.67,0,Vigilancia
EC-000090,Microcrédito,Guayas,7308.67,0.096,26,45,2398.47,826,0.002,0.4586,1993.98,1.83,0,Deficiente
EC-000091,Consumo,Manabí,970.8,0.8483,145,0,4462.91,663,0.00415,0.5461,3960.01,8.97,0,Normal
EC-000092,Productivo,Tungurahua,1032.52,0.3993,78,0,13329.21,728,0.002,0.3617,13070.81,9.46,0,Normal
EC-000093,Microcrédito,Guayas,947.42,0.4941,106,5,2461.16,762,0.002,0.6002,2343.53,2.81,0,Vigilancia
EC-000094,Microcrédito,Loja,6787.39,0.375,95,5,8913.65,784,0.002,0.4409,7698.53,6.79,0,Vigilancia
EC-000095,Consumo,Loja,1635.13,0.1191,92,0,1454.41,811,0.002,0.6234,1229.61,1.53,0,Normal
EC-000096,Productivo,Tungurahua,2171.85,0.2169,79,5,56806.59,827,0.002,0.5756,41429.98,47.7,0,Vigilancia
EC-000097,Microcrédito,Loja,1699.67,0.289,137,45,5313.68,786,0.002,0.563,4348.36,4.9,0,Deficiente
EC-000098,Consumo,Manabí,1195.27,0.5146,154,0,1931.32,765,0.002,0.6032,1921.22,2.32,0,Normal
EC-000099,Consumo,Azuay,1895.34,0.1401,163,0,2476.26,818,0.002,0.3748,2296.7,1.72,0,Normal
EC-000100,Comercial,Imbabura,10914.62,0.4841,80,30,43771.69,762,0.002,0.4358,37946.98,33.07,0,Vigilancia
EC-000101,Comercial,Guayas,5458.05,0.677,62,30,26365.76,727,0.00214,0.5222,25349.2,28.28,0,Vigilancia
EC-000102,Productivo,Azuay,1268.5,0.3079,15,120,43103.82,709,0.00728,0.6065,31313.01,138.25,0,Pérdida
EC-000103,Consumo,Azuay,3364.12,0.0333,80,0,14267.16,900,0.002,0.6302,14097.88,17.77,0,Normal
EC-000104,Comercial,Chimborazo,1286.28,0.5492,179,60,57256.23,641,0.00846,0.4761,52441.39,211.18,0,Deficiente
EC-000105,Vivienda,Chimborazo,696.01,0.2232,47,30,132849.54,802,0.002,0.25,96146.93,48.07,0,Vigilancia
EC-000106,Productivo,El Oro,4284.17,0.2251,153,15,42974.2,832,0.002,0.4227,39430.93,33.33,0,Vigilancia
EC-000107,Microcrédito,Guayas,4694.09,0.6282,137,0,5396.82,711,0.002,0.3772,4011.33,3.03,0,Normal
EC-000108,Consumo,Imbabura,4358.72,0.1347,119,0,6445.88,874,0.002,0.4314,5795.41,5.0,0,Normal
EC-000109,Consumo,Manabí,1627.15,0.0696,102,0,5177.77,900,0.002,0.648,4164.21,5.4,0,Normal
EC-000110,Comercial,Los Ríos,1981.47,0.2607,137,0,11423.71,869,0.002,0.5295,8903.47,9.43,0,Normal
EC-000111,Microcrédito,Loja,3595.17,0.7522,18,0,4472.37,667,0.00301,0.5088,4006.63,6.13,0,Normal
EC-000112,Consumo,Chimborazo,2848.29,0.1909,24,90,2371.45,709,0.00318,0.5953,1995.65,3.78,0,Dudoso
EC-000113,Consumo,Los Ríos,1709.81,0.3938,36,0,6860.68,798,0.002,0.3533,5063.64,3.58,0,Normal
EC-000114,Productivo,Azuay,770.93,0.2884,138,90,27949.31,630,0.00988,0.389,26559.0,102.12,0,Dudoso
EC-000115,Consumo,Imbabura,2378.01,0.3532,78,0,2252.49,741,0.002,0.3829,1789.63,1.37,0,Normal
EC-000116,Vivienda,Azuay,4453.1,0.2326,38,45,26262.56,772,0.002,0.25,23455.06,11.73,0,Deficiente
EC-000117,Vivienda,Loja,1013.91,0.2156,9,0,33573.28,817,0.002,0.25,29901.07,14.95,0,Normal
EC-000118,Productivo,Azuay,3344.91,0.3703,89,5,40148.74,731,0.002,0.4426,29538.43,26.15,0,Vigilancia
EC-000119,Microcrédito,Tungurahua,2739.42,0.1583,72,0,1224.19,859,0.002,0.6093,1223.27,1.49,0,Normal
EC-000120,Productivo,Azuay,3596.07,0.4963,33,90,15245.68,680,0.0078,0.6269,12887.86,63.03,0,Dudoso
EC-000121,Productivo,Tungurahua,3892.41,0.1677,5,0,59977.08,827,0.002,0.6552,46632.17,61.11,0,Normal
EC-000122,Productivo,El Oro,1406.13,0.7233,136,0,16507.22,720,0.002,0.4147,13903.85,11.53,0,Normal
EC-000123,Consumo,Imbabura,771.99,0.3932,141,120,6059.01,646,0.01741,0.5159,5385.6,48.39,0,Pérdida
EC-000124,Microcrédito,Chimborazo,1561.2,0.5298,45,0,13670.16,765,0.002,0.3661,9854.15,7.21,0,Normal
EC-000125,Consumo,Pichincha,3936.05,0.3339,89,5,6852.48,747,0.002,0.4292,5509.65,4.73,0,Vigilancia
EC-000126,Microcrédito,Chimborazo,1552.62,0.2521,46,0,538.29,782,0.002,0.553,468.41,0.52,0,Normal
EC-000127,Microcrédito,Guayas,1406.52,0.2274,74,0,18471.6,810,0.002,0.4894,16891.42,16.53,0,Normal
EC-000128,Consumo,El Oro,675.95,0.376,20,5,7586.75,735,0.002,0.5779,6128.01,7.08,0,Vigilancia
EC-000129,Consumo,Loja,6899.62,0.2844,171,0,1601.78,886,0.002,0.6269,1334.43,1.67,0,Normal
EC-000130,Productivo,Tungurahua,3777.11,0.5207,130,5,22778.89,790,0.002,0.3696,17811.81,13.17,0,Vigilancia
EC-000131,Consumo,Imbabura,3642.52,0.4914,163,0,4111.2,742,0.002,0.6597,3297.4,4.35,0,Normal
EC-000132,Comercial,Los Ríos,4142.36,0.4712,54,30,13356.72,727,0.002,0.364,12187.47,8.87,0,Vigilancia
EC-000133,Productivo,Manabí,3212.68,0.4891,158,180,12764.45,657,0.04853,0.674,10395.79,340.03,0,Pérdida
EC-000134,Microcrédito,Chimborazo,1884.06,0.429,94,0,3106.77,761,0.002,0.5604,2480.12,2.78,0,Normal
EC-000135,Productivo,Loja,1985.36,0.2786,36,0,39550.28,838,0.002,0.3643,31782.48,23.16,0,Normal
EC-000136,Consumo,Azuay,1672.51,0.2001,60,0,3910.25,877,0.002,0.4799,3486.15,3.35,0,Normal
EC-000137,Comercial,Loja,12241.43,0.2278,147,30,28798.94,855,0.002,0.4352,25257.49,21.98,0,Vigilancia
EC-000138,Microcrédito,El Oro,3169.54,0.4137,140,0,3009.27,803,0.002,0.6135,2509.52,3.08,0,Normal
EC-000139,Vivienda,Tungurahua,1633.58,0.165,130,15,63379.73,871,0.002,0.25,56854.69,28.43,0,Vigilancia
EC-000140,Consumo,Los Ríos,2988.64,0.431,41,0,5154.53,760,0.002,0.6227,4638.99,5.78,0,Normal
EC-000141,Microcrédito,Azuay,1144.74,0.1245,117,5,1521.69,900,0.002,0.4531,1101.2,1.0,0,Vigilancia
EC-000142,Microcrédito,Loja,5871.88,0.4179,170,45,4616.86,750,0.002,0.6764,3762.45,5.09,0,Deficiente
EC-000143,Comercial,Chimborazo,1436.99,0.3458,9,0,10592.34,825,0.002,0.4392,8351.01,7.34,0,Normal
EC-000144,Productivo,Manabí,3058.58,0.1862,58,0,9338.59,825,0.002,0.576,8891.77,10.24,0,Normal
EC-000145,Microcrédito,Azuay,4415.54,0.1277,15,0,1803.14,865,0.002,0.6141,1437.32,1.77,0,Normal
EC-000146,Consumo,Chimborazo,2835.86,0.6239,19,0,1101.84,748,0.002,0.4214,891.21,0.75,0,Normal
EC-000147,Microcrédito,Manabí,2348.2,0.3565,180,0,1759.47,775,0.002,0.375,1531.76,1.15,0,Normal
EC-000148,Microcrédito,Chimborazo,2223.91,0.1671,44,45,3700.16,742,0.002,0.5319,3231.24,3.44,0,Deficiente
EC-000149,Microcrédito,Chimborazo,2128.8,0.6146,33,0,8554.65,724,0.002,0.5734,8101.87,9.29,0,Normal
EC-000150,Consumo,Chimborazo,1518.0,0.5435,14,0,10847.84,779,0.002,0.6197,8988.74,11.14,0,Normal
EC-000151,Vivienda,El Oro,1648.85,0.4429,177,0,25138.73,720,0.002,0.25,20078.95,10.04,0,Normal
EC-000152,Vivienda,Imbabura,5777.54,0.1502,85,0,26903.21,845,0.002,0.25,23952.14,11.98,0,Normal
EC-000153,Consumo,Chimborazo,2057.92,0.209,143,90,4774.94,764,0.002,0.6522,4411.65,5.75,0,Dudoso
EC-000154,Microcrédito,Azuay,1325.09,0.0409,46,0,2988.11,818,0.002,0.6071,2981.92,3.62,0,Normal
EC-000155,Consumo,Pichincha,1578.78,0.1612,116,0,4925.34,891,0.002,0.3525,4398.93,3.1,0,Normal
EC-000156,Productivo,Loja,4515.36,0.2681,160,0,23154.43,795,0.002,0.3788,19852.74,15.04,0,Normal
EC-000157,Consumo,Tungurahua,3425.99,0.3444,121,120,8535.72,620,0.01912,0.6793,6463.75,83.95,0,Pérdida
EC-000158,Productivo,El Oro,3178.66,0.4535,94,45,15962.63,717,0.00216,0.5922,15904.18,20.35,0,Deficiente
EC-000159,Productivo,Pichincha,1867.98,0.1868,38,0,7583.63,895,0.002,0.5568,6914.74,7.7,0,Normal
EC-000160,Vivienda,El Oro,3205.7,0.0669,43,5,33562.56,834,0.002,0.25,25715.8,12.86,0,Vigilancia
EC-000161,Consumo,Guayas,1453.44,0.1202,108,45,14107.05,733,0.002,0.3631,11972.79,8.69,0,Deficiente
EC-000162,Comercial,El Oro,1865.44,0.4483,82,30,18487.98,687,0.00238,0.5999,16211.82,23.1,0,Vigilancia
EC-000163,Consumo,El Oro,4147.96,0.5712,9,0,13681.14,776,0.002,0.566,10681.21,12.09,0,Normal
EC-000164,Consumo,Tungurahua,3898.24,0.2573,36,30,3713.36,732,0.002,0.6299,3435.21,4.33,0,Vigilancia
EC-000165,Microcrédito,Manabí,1166.49,0.3064,78,5,3618.41,839,0.002,0.6067,3264.15,3.96,0,Vigilancia
EC-000166,Microcrédito,Manabí,1266.37,0.5382,33,0,2263.89,746,0.002,0.51,1778.17,1.81,0,Normal
EC-000167,Vivienda,Tungurahua,2370.03,0.2815,100,0,39867.24,820,0.002,0.25,39752.9,19.88,0,Normal
EC-000168,Vivienda,Imbabura,6781.72,0.2447,55,0,34057.52,842,0.002,0.25,33568.02,16.78,0,Normal
EC-000169,Consumo,Los Ríos,635.8,0.4648,53,0,2136.54,729,0.002,0.602,1697.15,2.04,0,Normal
EC-000170,Comercial,Loja,2646.3,0.4792,20,0,29934.74,767,0.002,0.4676,25256.16,23.62,0,Normal
EC-000171,Consumo,Manabí,902.86,0.2791,91,45,6494.12,708,0.002,0.6747,6302.81,8.5,0,Deficiente
EC-000172,Microcrédito,Loja,1462.18,0.4602,34,45,3204.11,750,0.002,0.4527,2671.47,2.42,0,Deficiente
EC-000173,Consumo,El Oro,1742.58,0.1893,114,0,3461.97,806,0.002,0.4723,3418.17,3.23,0,Normal
EC-000174,Comercial,Guayas,1680.2,0.3117,169,0,13320.67,830,0.002,0.6716,10338.36,13.89,0,Normal
EC-000175,Consumo,Manabí,1560.92,0.355,165,15,5131.67,747,0.002,0.5705,4735.13,5.4,0,Vigilancia
EC-000176,Consumo,Guayas,2218.72,0.1697,121,0,12857.9,831,0.002,0.6401,11416.04,14.62,0,Normal
EC-000177,Microcrédito,El Oro,1559.44,0.1943,146,0,1843.78,827,0.002,0.643,1506.24,1.94,0,Normal
EC-000178,Comercial,Los Ríos,853.55,0.2366,166,45,27739.58,868,0.002,0.527,25547.65,26.93,0,Deficiente
EC-000179,Vivienda,Chimborazo,3666.22,0.4459,123,0,102838.24,791,0.002,0.25,74740.66,37.37,0,Normal
EC-000180,Vivienda,Manabí,3602.44,0.5441,47,0,16743.6,726,0.002,0.25,13137.76,6.57,0,Normal
EC-000181,Vivienda,Pichincha,3820.22,0.5442,91,30,20009.87,708,0.00215,0.25,15871.09,8.54,0,Vigilancia
EC-000182,Vivienda,Azuay,811.21,0.4953,155,5,55231.73,705,0.002,0.25,41583.51,20.79,0,Vigilancia
EC-000183,Microcrédito,Guayas,2681.94,0.2189,121,0,3016.65,835,0.002,0.5287,2200.67,2.33,0,Normal
EC-000184,Consumo,Imbabura,3426.81,0.6624,66,15,5169.55,775,0.002,0.3532,4232.96,2.99,0,Vigilancia
EC-000185,Vivienda,Chimborazo,1129.71,0.0424,31,90,34140.21,746,0.002,0.25,26667.5,13.33,0,Dudoso
EC-000186,Productivo,El Oro,2221.55,0.4765,26,0,13995.14,794,0.002,0.5534,10597.16,11.73,0,Normal
EC-000187,Microcrédito,Guayas,2047.61,0.3842,68,5,3593.28,752,0.002,0.6122,2745.43,3.36,0,Vigilancia
EC-000188,Consumo,Pichincha,7312.92,0.1077,145,0,9687.76,869,0.002,0.5008,9216.5,9.23,0,Normal
EC-000189,Vivienda,Chimborazo,7715.01,0.263,100,0,51683.87,844,0.002,0.25,38585.77,19.29,0,Normal
EC-000190,Consumo,Loja,748.57,0.3454,11,0,6276.72,753,0.002,0.4842,5793.16,5.61,0,Normal
EC-000191,Comercial,Guayas,11170.73,0.1272,166,0,9724.66,890,0.002,0.6035,7148.67,8.63,0,Normal
EC-000192,Consumo,Guayas,1218.17,0.3017,73,0,2386.81,826,0.002,0.3858,1745.66,1.35,0,Normal
EC-000193,Consumo,Azuay,4177.37,0.154,71,45,24930.25,809,0.002,0.5349,21036.85,22.5,0,Deficiente
EC-000194,Vivienda,Tungurahua,4149.83,0.371,148,0,81501.86,804,0.002,0.25,67395.42,33.7,0,Normal
EC-000195,Consumo,Los Ríos,1156.09,0.3906,68,60,3912.27,740,0.00209,0.4872,3414.67,3.47,0,Deficiente
EC-000196,Consumo,Azuay,3043.08,0.0888,112,0,2235.6,861,0.002,0.5484,2049.46,2.25,0,Normal
EC-000197,Productivo,Tungurahua,2059.26,0.3166,166,45,16206.1,742,0.002,0.6415,13074.22,16.78,0,Deficiente
EC-000198,Vivienda,Pichincha,3166.29,0.4217,94,0,23005.03,841,0.002,0.25,17815.88,8.91,0,Normal
EC-000199,Consumo,Pichincha,2565.57,0.049,111,0,21496.07,838,0.002,0.3946,20425.41,16.12,0,Normal
EC-000200,Consumo,Pichincha,4806.0,0.4027,64,15,3399.2,714,0.002,0.3701,2604.76,1.93,0,Vigilancia
EC-000201,Vivienda,Chimborazo,2319.27,0.4649,161,30,48200.67,711,0.002,0.25,45480.55,22.74,0,Vigilancia
EC-000202,Comercial,El Oro,1980.06,0.6296,14,0,26754.84,737,0.002,0.6472,23662.01,30.63,0,Normal
EC-000203,Microcrédito,Los Ríos,4502.74,0.3836,50,0,3130.5,840,0.002,0.5778,2507.6,2.9,0,Normal
EC-000204,Consumo,Pichincha,3220.39,0.1491,179,5,20788.69,828,0.002,0.6722,16797.11,22.58,0,Vigilancia
EC-000205,Consumo,Pichincha,3553.47,0.3574,88,5,13208.72,862,0.002,0.5837,10881.03,12.7,0,Vigilancia
EC-000206,Consumo,Los Ríos,1433.71,0.3714,32,0,4208.54,784,0.002,0.4452,3726.67,3.32,0,Normal
EC-000207,Consumo,Guayas,1119.43,0.4703,75,30,6930.58,721,0.002,0.4343,6891.05,5.99,0,Vigilancia
EC-000208,Productivo,Guayas,1526.88,0.5912,46,0,35666.79,706,0.002,0.57,28858.59,32.9,0,Normal
EC-000209,Consumo,El Oro,1475.08,0.337,95,0,4851.0,871,0.002,0.573,4772.04,5.47,0,Normal
EC-000210,Microcrédito,Tungurahua,3681.33,0.3144,43,5,3867.22,796,0.002,0.5229,3006.54,3.14,0,Vigilancia
EC-000211,Productivo,Azuay,4164.66,0.3309,72,180,8789.63,602,0.0623,0.5239,6606.53,215.62,0,Pérdida
EC-000212,Productivo,Manabí,1996.53,0.2786,164,0,105643.97,900,0.002,0.4875,91803.75,89.51,0,Normal
EC-000213,Consumo,Tungurahua,5597.62,0.3798,15,0,11085.02,805,0.002,0.4655,11012.02,10.25,0,Normal
EC-000214,Vivienda,Manabí,5374.95,0.1587,138,0,47213.69,889,0.002,0.25,40403.68,20.2,0,Normal
EC-000215,Productivo,Loja,2586.88,0.4777,15,15,73097.71,800,0.002,0.5967,69002.5,82.34,0,Vigilancia
EC-000216,Vivienda,Pichincha,1294.36,0.3971,83,0,55206.06,807,0.002,0.25,47052.84,23.53,0,Normal
EC-000217,Consumo,Manabí,6148.69,0.3511,121,0,1623.31,852,0.002,0.4516,1555.14,1.4,0,Normal
EC-000218,Consumo,Los Ríos,2122.48,0.1558,172,0,3677.07,854,0.002,0.6331,3484.27,4.41,0,Normal
EC-000219,Comercial,Tungurahua,2397.08,0.1332,46,60,13729.51,790,0.002,0.4499,12523.15,11.27,0,Deficiente
EC-000220,Microcrédito,Los Ríos,1770.92,0.5185,10,0,8320.8,746,0.002,0.4506,7424.78,6.69,0,Normal
EC-000221,Consumo,Guayas,1238.48,0.6402,136,5,2359.04,728,0.002,0.616,2040.76,2.51,0,Vigilancia
EC-000222,Microcrédito,Pichincha,850.13,0.3894,161,0,4123.99,794,0.002,0.6699,4074.06,5.46,0,Normal
EC-000223,Productivo,El Oro,3332.12,0.6992,102,0,8057.87,715,0.002,0.6576,7059.23,9.28,0,Normal
EC-000224,Comercial,Guayas,1327.15,0.5015,11,0,22122.04,766,0.002,0.3867,18016.16,13.93,0,Normal
EC-000225,Consumo,El Oro,16134.18,0.162,91,0,5511.47,884,0.002,0.4452,5329.7,4.75,0,Normal
EC-000226,Comercial,Chimborazo,1090.13,0.3488,71,0,61270.71,821,0.002,0.6008,55438.34,66.61,0,Normal
EC-000227,Consumo,Loja,975.26,0.2525,82,0,1690.37,838,0.002,0.6161,1481.25,1.83,0,Normal
EC-000228,Microcrédito,El Oro,3076.63,0.3962,10,0,6901.4,851,0.002,0.5164,6287.23,6.49,0,Normal
EC-000229,Productivo,Tungurahua,5967.32,0.3258,58,0,5682.46,849,0.002,0.3553,4646.46,3.3,0,Normal
EC-000230,Consumo,Guayas,2303.04,0.4461,180,0,4838.41,779,0.002,0.5156,4053.81,4.18,0,Normal
EC-000231,Consumo,Los Ríos,3203.37,0.4589,9,0,3919.15,783,0.002,0.3603,3036.43,2.19,0,Normal
EC-000232,Microcrédito,Azuay,666.27,0.2058,165,0,1830.44,879,0.002,0.4429,1756.14,1.56,0,Normal
EC-000233,Comercial,Los Ríos,1421.71,0.3145,94,0,23471.56,774,0.002,0.5668,21273.82,24.11,0,Normal
EC-000234,Productivo,Tungurahua,1098.99,0.368,106,15,24376.5,845,0.002,0.3944,23177.01,18.28,0,Vigilancia
EC-000235,Comercial,Guayas,644.34,0.4032,169,90,27600.3,635,0.01177,0.5851,22325.04,153.74,1,Dudoso
EC-000236,Vivienda,Imbabura,2382.81,0.5332,40,5,100481.54,777,0.002,0.25,100353.17,50.18,0,Vigilancia
EC-000237,Microcrédito,Guayas,513.97,0.1533,178,0,2311.59,839,0.002,0.4918,1895.55,1.86,0,Normal
EC-000238,Vivienda,El Oro,935.02,0.1832,50,180,50295.67,661,0.02785,0.25,41194.15,286.79,0,Pérdida
EC-000239,Consumo,Chimborazo,1557.48,0.18,63,180,3854.34,626,0.03959,0.6518,3811.86,98.37,0,Pérdida
EC-000240,Consumo,Chimborazo,1286.48,0.5172,81,0,7935.9,789,0.002,0.5325,7169.44,7.64,0,Normal
EC-000241,Vivienda,Los Ríos,2857.39,0.4471,109,0,53309.71,741,0.002,0.25,52316.22,26.16,0,Normal
EC-000242,Vivienda,Manabí,2693.58,0.1901,59,30,51454.53,745,0.002,0.25,46025.04,23.01,0,Vigilancia
EC-000243,Consumo,El Oro,3948.02,0.316,143,120,900.17,700,0.00739,0.5462,710.25,2.87,0,Pérdida
EC-000244,Microcrédito,Loja,3601.3,0.0884,4,30,6197.73,874,0.002,0.665,5140.43,6.84,0,Vigilancia
EC-000245,Productivo,Chimborazo,4635.63,0.1104,120,5,34320.3,841,0.002,0.3909,32964.49,25.77,0,Vigilancia
EC-000246,Vivienda,Manabí,2205.6,0.1565,119,5,55974.79,881,0.002,0.25,47973.16,23.99,0,Vigilancia
EC-000247,Productivo,Imbabura,2689.88,0.4981,97,180,11774.08,638,0.06161,0.6525,10814.66,434.73,0,Pérdida
EC-000248,Microcrédito,Loja,3079.38,0.4431,111,0,15835.98,785,0.002,0.4893,12140.31,11.88,0,Normal
EC-000249,Microcrédito,Imbabura,2421.34,0.1934,135,0,1807.68,892,0.002,0.4398,1503.88,1.32,0,Normal
EC-000250,Microcrédito,Azuay,1705.86,0.2196,163,45,1449.06,769,0.002,0.6791,1383.92,1.88,0,Deficiente
EC-000251,Productivo,Imbabura,1779.19,0.1409,40,0,20943.61,858,0.002,0.3837,20597.68,15.81,0,Normal
EC-000252,Vivienda,Pichincha,1298.01,0.169,86,0,21927.3,794,0.002,0.25,17778.74,8.89,0,Normal
EC-000253,Microcrédito,Guayas,2904.6,0.2176,102,0,1740.61,796,0.002,0.6101,1337.35,1.63,0,Normal
EC-000254,Consumo,Loja,2077.44,0.3607,63,0,3724.64,836,0.002,0.6096,2706.16,3.3,0,Normal
EC-000255,Consumo,Manabí,1435.02,0.3029,176,0,2490.71,834,0.002,0.4958,1882.15,1.87,0,Normal
EC-000256,Vivienda,Imbabura,1435.89,0.0538,93,5,89524.01,855,0.002,0.25,85404.74,42.7,0,Vigilancia
EC-000257,Vivienda,Loja,1005.5,0.1532,107,0,34387.28,900,0.002,0.25,29146.37,14.57,0,Normal
EC-000258,Consumo,Pichincha,4172.4,0.4246,36,0,9505.63,849,0.002,0.6149,7620.22,9.37,0,Normal
EC-000259,Consumo,Loja,2324.13,0.3454,75,0,3717.94,817,0.002,0.4283,3484.39,2.98,0,Normal
EC-000260,Productivo,Manabí,1260.39,0.2344,113,120,25126.27,615,0.01748,0.4624,23673.09,191.39,0,Pérdida
EC-000261,Consumo,El Oro,3735.2,0.3916,78,5,2481.17,786,0.002,0.5192,2038.04,2.12,0,Vigilancia
EC-000262,Vivienda,Tungurahua,1534.11,0.2223,139,120,54365.69,643,0.01251,0.25,52864.27,165.33,0,Pérdida
EC-000263,Consumo,Azuay,885.17,0.4636,25,0,15940.29,759,0.002,0.6208,13544.01,16.82,0,Normal
EC-000264,Consumo,Tungurahua,4288.94,0.3712,28,0,6425.62,761,0.002,0.6543,5096.45,6.67,0,Normal
EC-000265,Comercial,Tungurahua,1557.58,0.2382,62,30,17622.67,738,0.002,0.4517,17128.04,15.47,0,Vigilancia
EC-000266,Consumo,Imbabura,1692.93,0.7049,58,45,4347.25,573,0.01817,0.6549,3316.2,39.47,0,Deficiente
EC-000267,Consumo,El Oro,2268.26,0.2907,147,0,4815.79,828,0.002,0.6143,4810.32,5.91,0,Normal
EC-000268,Consumo,Los Ríos,4640.99,0.5079,157,5,18348.77,692,0.002,0.5902,16361.79,19.31,0,Vigilancia
EC-000269,Consumo,Azuay,2237.3,0.4841,85,15,10958.22,740,0.002,0.6698,10698.49,14.33,0,Vigilancia
EC-000270,Consumo,Imbabura,1012.9,0.1459,91,0,5819.52,866,0.002,0.4571,4481.46,4.1,0,Normal
EC-000271,Consumo,Pichincha,3144.85,0.2163,53,0,5278.12,805,0.002,0.6522,4375.31,5.71,0,Normal
EC-000272,Consumo,Guayas,1611.24,0.586,96,0,5970.46,708,0.002,0.3825,5758.57,4.4,0,Normal
EC-000273,Consumo,Los Ríos,7533.77,0.2399,128,0,6776.93,843,0.002,0.5077,6467.82,6.57,0,Normal
EC-000274,Productivo,Manabí,2206.74,0.3599,131,60,20301.2,696,0.00307,0.5322,19572.76,32.02,0,Deficiente
EC-000275,Productivo,Tungurahua,516.58,0.201,175,0,29176.78,834,0.002,0.3905,23298.49,18.2,0,Normal
EC-000276,Microcrédito,Tungurahua,2785.79,0.4077,105,30,4426.65,718,0.002,0.5933,3952.7,4.69,0,Vigilancia
EC-000277,Consumo,Tungurahua,7816.47,0.2042,62,30,4985.5,800,0.002,0.5068,4133.42,4.19,0,Vigilancia
EC-000278,Microcrédito,Azuay,6150.87,0.4803,13,180,4832.39,595,0.08245,0.5003,3913.35,161.44,0,Pérdida
EC-000279,Vivienda,Guayas,7259.89,0.3823,124,0,59366.21,812,0.002,0.25,51389.51,25.69,0,Normal
EC-000280,Vivienda,Pichincha,1138.15,0.4111,145,0,23878.15,845,0.002,0.25,21973.02,10.99,0,Normal
EC-000281,Consumo,Los Ríos,3995.4,0.5211,100,0,6204.66,778,0.002,0.416,5368.18,4.47,0,Normal
EC-000282,Consumo,Azuay,1381.19,0.3587,167,5,39346.33,812,0.002,0.4096,30868.75,25.29,0,Vigilancia
EC-000283,Consumo,El Oro,2554.95,0.2591,58,0,5622.68,797,0.002,0.6641,5319.6,7.07,0,Normal
EC-000284,Consumo,Manabí,965.44,0.1228,10,30,2419.08,800,0.002,0.6052,2404.04,2.91,0,Vigilancia
EC-000285,Productivo,Guayas,1452.59,0.4782,114,0,20748.07,764,0.002,0.5246,17046.74,17.89,0,Normal
EC-000286,Microcrédito,Manabí,1422.88,0.5269,22,0,5227.99,746,0.002,0.5676,5007.32,5.68,0,Normal
EC-000287,Consumo,Pichincha,3960.24,0.6583,16,60,2119.19,666,0.00726,0.5645,2038.41,8.35,0,Deficiente
EC-000288,Microcrédito,Guayas,3716.24,0.4335,127,45,1756.97,716,0.00207,0.4366,1393.18,1.26,0,Deficiente
EC-000289,Microcrédito,Guayas,2643.69,0.157,79,0,4734.67,833,0.002,0.3786,4344.0,3.29,0,Normal
EC-000290,Consumo,Los Ríos,918.03,0.6028,109,15,4119.33,702,0.00218,0.5331,4048.3,4.7,0,Vigilancia
EC-000291,Vivienda,El Oro,1803.41,0.2397,135,0,20114.52,814,0.002,0.25,18649.37,9.32,0,Normal
EC-000292,Consumo,Chimborazo,1359.71,0.2348,69,30,9874.32,786,0.002,0.6382,7192.51,9.18,0,Vigilancia
EC-000293,Comercial,Manabí,3886.6,0.4038,110,0,18074.88,787,0.002,0.4279,16073.37,13.76,0,Normal
EC-000294,Consumo,Azuay,4749.62,0.2092,98,0,1892.04,897,0.002,0.539,1774.67,1.91,0,Normal
EC-000295,Vivienda,Tungurahua,4388.1,0.4185,105,0,34077.7,890,0.002,0.25,30434.05,15.22,0,Normal
EC-000296,Comercial,Chimborazo,1351.69,0.2543,127,0,9413.21,805,0.002,0.5952,6853.26,8.16,0,Normal
EC-000297,Comercial,El Oro,450.0,0.54,69,30,24137.09,709,0.00236,0.6637,18190.85,28.51,0,Vigilancia
EC-000298,Vivienda,Pichincha,700.28,0.442,91,0,148410.99,807,0.002,0.25,140167.39,70.08,0,Normal
EC-000299,Vivienda,Loja,5563.92,0.1395,107,0,23924.52,854,0.002,0.25,20495.06,10.25,0,Normal
EC-000300,Productivo,Chimborazo,1701.36,0.4735,26,0,12453.36,725,0.002,0.5683,12306.82,13.99,0,Normal
EC-000301,Vivienda,El Oro,1355.64,0.2758,39,0,55812.48,867,0.002,0.25,46670.11,23.34,0,Normal
EC-000302,Consumo,Chimborazo,6423.57,0.6978,17,15,2854.69,724,0.002,0.3845,2712.18,2.09,0,Vigilancia
EC-000303,Microcrédito,El Oro,5025.87,0.265,36,0,13963.09,832,0.002,0.5683,10192.19,11.58,0,Normal
EC-000304,Microcrédito,Pichincha,2243.72,0.416,79,30,3433.98,796,0.002,0.3839,3281.11,2.52,0,Vigilancia
EC-000305,Vivienda,Los Ríos,1824.91,0.3009,169,60,55144.08,763,0.002,0.25,52967.89,26.48,0,Deficiente
EC-000306,Microcrédito,Imbabura,2026.64,0.217,167,0,11115.4,836,0.002,0.4949,9129.98,9.04,0,Normal
EC-000307,Microcrédito,Imbabura,2559.73,0.2918,138,45,2697.29,728,0.002,0.4993,2175.76,2.17,0,Deficiente
EC-000308,Productivo,Chimborazo,6248.09,0.4791,101,0,79044.0,768,0.002,0.6515,77050.07,100.4,0,Normal
EC-000309,Consumo,Guayas,2906.21,0.2734,37,0,4746.25,856,0.002,0.4411,4450.83,3.93,0,Normal
EC-000310,Consumo,Chimborazo,3540.13,0.1888,65,0,8611.97,864,0.002,0.4823,7642.49,7.37,0,Normal
EC-000311,Microcrédito,Azuay,4722.18,0.4392,138,0,1022.52,789,0.002,0.5835,861.14,1.0,0,Normal
EC-000312,Microcrédito,Chimborazo,1032.47,0.2221,164,0,2602.01,892,0.002,0.6229,2537.96,3.16,0,Normal
EC-000313,Consumo,Guayas,3607.1,0.4715,174,0,21945.98,780,0.002,0.4652,20392.69,18.97,0,Normal
EC-000314,Microcrédito,El Oro,1823.53,0.4096,70,45,7096.4,757,0.002,0.5583,5937.66,6.63,0,Deficiente
EC-000315,Microcrédito,Imbabura,450.0,0.3627,88,0,4959.75,791,0.002,0.556,4260.83,4.74,0,Normal
EC-000316,Microcrédito,Pichincha,553.74,0.4674,92,120,4815.0,668,0.01596,0.4501,3599.51,25.86,0,Pérdida
EC-000317,Microcrédito,Pichincha,1139.36,0.6058,11,0,1843.49,749,0.002,0.3891,1745.8,1.36,0,Normal
EC-000318,Productivo,Los Ríos,3119.09,0.3834,21,5,5356.06,781,0.002,0.5752,5118.66,5.89,0,Vigilancia
EC-000319,Consumo,Pichincha,2377.89,0.2408,9,0,3349.48,808,0.002,0.4385,2745.16,2.41,0,Normal
EC-000320,Comercial,Tungurahua,2489.5,0.5345,133,0,25697.5,766,0.002,0.455,20730.25,18.87,0,Normal
EC-000321,Comercial,Chimborazo,7848.78,0.445,41,0,3216.93,759,0.002,0.5389,2543.39,2.74,0,Normal
EC-000322,Microcrédito,Tungurahua,967.86,0.3991,127,90,1448.02,619,0.01369,0.4031,1112.9,6.14,0,Dudoso
EC-000323,Microcrédito,Manabí,2169.32,0.102,68,90,6537.98,745,0.002,0.4297,6442.39,5.54,0,Dudoso
EC-000324,Microcrédito,Manabí,2691.58,0.4501,143,0,10483.31,768,0.002,0.4972,9776.0,9.72,0,Normal
EC-000325,Vivienda,Tungurahua,1368.43,0.2965,21,5,52524.91,772,0.002,0.25,44192.02,22.1,0,Vigilancia
EC-000326,Productivo,El Oro,2249.39,0.0503,59,5,47806.32,856,0.002,0.6048,35895.27,43.42,0,Vigilancia
EC-000327,Vivienda,El Oro,780.58,0.0253,37,5,43121.66,853,0.002,0.25,32731.17,16.37,0,Vigilancia
EC-000328,Microcrédito,Guayas,5521.69,0.2187,79,0,2506.71,840,0.002,0.4497,2303.02,2.07,0,Normal
EC-000329,Productivo,Tungurahua,1417.93,0.0538,102,15,106867.26,900,0.002,0.6758,83021.18,112.22,0,Vigilancia
EC-000330,Consumo,Imbabura,8270.17,0.3433,31,45,4683.34,769,0.002,0.5656,3828.19,4.33,0,Deficiente
EC-000331,Vivienda,Imbabura,2162.22,0.1017,121,0,21683.05,900,0.002,0.25,21422.04,10.71,0,Normal
EC-000332,Consumo,Pichincha,4308.02,0.2623,174,0,6227.22,820,0.002,0.3682,5496.99,4.05,0,Normal
EC-000333,Productivo,Imbabura,2133.15,0.2547,8,0,31893.83,837,0.002,0.3846,30182.32,23.22,0,Normal
EC-000334,Vivienda,Imbabura,2164.66,0.1719,16,90,29363.22,695,0.00365,0.25,21995.6,20.07,0,Dudoso
EC-000335,Consumo,Guayas,1510.78,0.2499,172,0,6274.15,808,0.002,0.6279,5097.79,6.4,0,Normal
EC-000336,Productivo,Los Ríos,2386.14,0.244,117,0,25203.48,900,0.002,0.6505,24466.78,31.83,0,Normal
EC-000337,Consumo,El Oro,2715.41,0.4991,166,0,1065.19,749,0.002,0.413,1008.66,0.83,0,Normal
EC-000338,Productivo,Manabí,1326.41,0.6425,127,45,29626.29,597,0.01253,0.5857,27332.2,200.61,0,Deficiente
EC-000339,Consumo,Imbabura,2035.96,0.5421,130,15,7719.43,718,0.002,0.6385,6827.63,8.72,0,Vigilancia
EC-000340,Comercial,El Oro,1485.39,0.1421,29,0,68116.78,765,0.002,0.64,54173.5,69.35,0,Normal
EC-000341,Consumo,El Oro,9845.62,0.4864,93,0,8279.94,754,0.002,0.5014,7318.93,7.34,0,Normal
EC-000342,Comercial,Loja,2083.23,0.5376,66,30,15958.39,684,0.00292,0.4354,11716.85,14.9,0,Vigilancia
EC-000343,Vivienda,Chimborazo,6029.39,0.0703,151,0,29922.56,884,0.002,0.25,23239.13,11.62,0,Normal
EC-000344,Productivo,Chimborazo,1944.67,0.2328,8,0,61305.3,742,0.002,0.4413,53036.09,46.81,0,Normal
EC-000345,Vivienda,Guayas,2613.74,0.4569,4,120,53962.36,644,0.01882,0.25,38882.78,182.94,0,Pérdida
EC-000346,Vivienda,Imbabura,935.53,0.2115,101,0,23732.34,762,0.002,0.25,18630.44,9.32,0,Normal
EC-000347,Comercial,Pichincha,1651.44,0.5169,175,0,16417.53,762,0.002,0.5257,12520.49,13.16,0,Normal
EC-000348,Consumo,Loja,2532.21,0.3974,180,0,3067.62,787,0.002,0.3854,2505.46,1.93,0,Normal
EC-000349,Productivo,Chimborazo,6191.31,0.4245,107,30,4704.85,787,0.002,0.5383,4518.25,4.86,0,Vigilancia
EC-000350,Consumo,Guayas,2551.12,0.601,78,30,1850.59,716,0.0023,0.6614,1823.34,2.77,0,Vigilancia
EC-000351,Productivo,Loja,5428.5,0.5074,50,0,15622.63,810,0.002,0.5166,11970.32,12.37,0,Normal
EC-000352,Consumo,Azuay,3349.19,0.1362,179,15,5334.15,829,0.002,0.6686,4185.71,5.6,0,Vigilancia
EC-000353,Microcrédito,Imbabura,6360.17,0.2048,33,90,5403.44,699,0.00324,0.6489,5171.77,10.88,0,Dudoso
EC-000354,Productivo,Manabí,2125.2,0.3708,23,45,35510.3,739,0.002,0.6115,27284.32,33.37,0,Deficiente
EC-000355,Microcrédito,El Oro,10442.56,0.1909,92,0,3864.55,891,0.002,0.5507,3584.63,3.95,0,Normal
EC-000356,Microcrédito,Chimborazo,1610.81,0.3924,71,0,6319.75,815,0.002,0.6406,4701.48,6.02,0,Normal
EC-000357,Vivienda,El Oro,1341.84,0.3906,90,60,27892.25,719,0.00262,0.25,25145.57,16.49,0,Deficiente
EC-000358,Vivienda,Imbabura,1005.73,0.1357,163,0,20600.68,858,0.002,0.25,16365.1,8.18,0,Normal
EC-000359,Microcrédito,Pichincha,10048.37,0.3532,49,0,2747.98,808,0.002,0.6553,2555.29,3.35,0,Normal
EC-000360,Productivo,Azuay,3761.76,0.1916,158,0,6258.48,864,0.002,0.5157,5416.24,5.59,0,Normal
EC-000361,Comercial,Chimborazo,1777.25,0.2423,39,45,7498.81,827,0.002,0.6496,5774.76,7.5,0,Deficiente
EC-000362,Consumo,Los Ríos,4973.43,0.3615,59,0,4207.65,794,0.002,0.4797,3503.39,3.36,0,Normal
EC-000363,Consumo,Tungurahua,3453.0,0.5068,1,0,4909.5,742,0.002,0.4608,4241.9,3.91,0,Normal
EC-000364,Consumo,Loja,7926.63,0.1462,123,5,7742.83,846,0.002,0.6028,7734.1,9.32,0,Vigilancia
EC-000365,Productivo,Guayas,807.47,0.4884,155,0,7363.01,780,0.002,0.5594,6291.7,7.04,0,Normal
EC-000366,Microcrédito,Los Ríos,1858.48,0.3884,160,0,7927.02,723,0.002,0.4951,6043.14,5.98,0,Normal
EC-000367,Vivienda,Imbabura,1634.94,0.3567,31,0,32299.17,783,0.002,0.25,28276.76,14.14,0,Normal
EC-000368,Productivo,Azuay,612.23,0.2585,139,0,13203.48,847,0.002,0.5205,10320.63,10.74,0,Normal
EC-000369,Microcrédito,El Oro,4399.35,0.3714,26,180,2202.42,613,0.05945,0.3542,2128.15,44.82,0,Pérdida
EC-000370,Vivienda,Tungurahua,1852.41,0.159,114,0,36490.77,856,0.002,0.25,34795.38,17.4,0,Normal
EC-000371,Vivienda,Manabí,3571.57,0.2504,127,45,28225.1,849,0.002,0.25,21338.77,10.67,0,Deficiente
EC-000372,Consumo,Chimborazo,10237.9,0.4824,28,0,5913.41,788,0.002,0.5088,5231.86,5.32,0,Normal
EC-000373,Microcrédito,Guayas,1755.29,0.3851,20,0,3540.54,701,0.002,0.4134,3239.67,2.68,0,Normal
EC-000374,Consumo,Azuay,1679.5,0.409,14,0,2870.24,723,0.002,0.4299,2268.83,1.95,0,Normal
EC-000375,Consumo,Pichincha,2385.42,0.8039,128,0,5261.79,696,0.00253,0.6733,4711.33,8.01,0,Normal
EC-000376,Consumo,Tungurahua,4195.26,0.2394,111,0,3539.75,810,0.002,0.3874,3007.21,2.33,0,Normal
EC-000377,Comercial,Tungurahua,1527.88,0.4215,22,0,28573.96,774,0.002,0.6,24430.22,29.32,0,Normal
EC-000378,Microcrédito,Chimborazo,1465.39,0.1595,91,120,1175.75,670,0.0082,0.5604,1028.03,4.72,0,Pérdida
EC-000379,Microcrédito,El Oro,4390.39,0.609,144,0,10295.94,796,0.002,0.4144,9056.71,7.51,0,Normal
EC-000380,Productivo,Guayas,2824.58,0.2891,43,90,44971.39,651,0.0073,0.6587,41317.17,198.77,0,Dudoso
EC-000381,Microcrédito,Manabí,584.6,0.3283,110,0,4112.97,791,0.002,0.4165,3482.37,2.9,0,Normal
EC-000382,Comercial,Pichincha,995.75,0.0798,53,0,20896.54,858,0.002,0.5201,19273.67,20.05,0,Normal
EC-000383,Vivienda,Tungurahua,5859.4,0.3212,47,5,22125.03,817,0.002,0.25,18940.39,9.47,0,Vigilancia
EC-000384,Microcrédito,Tungurahua,2867.66,0.1403,71,0,4003.2,855,0.002,0.602,3625.25,4.36,0,Normal
EC-000385,Microcrédito,Los Ríos,1345.57,0.6819,64,0,1758.4,632,0.00411,0.4555,1395.59,2.62,0,Normal
EC-000386,Comercial,Loja,1976.8,0.2844,90,0,32936.33,820,0.002,0.627,28709.82,36.0,0,Normal
EC-000387,Productivo,Loja,2227.43,0.1777,37,0,6476.13,828,0.002,0.6675,5511.44,7.36,0,Normal
EC-000388,Comercial,Pichincha,3562.53,0.3052,71,30,36886.52,804,0.002,0.5064,29679.44,30.06,0,Vigilancia
EC-000389,Consumo,Manabí,913.36,0.2131,113,0,6450.58,855,0.002,0.5653,4756.97,5.38,0,Normal
EC-000390,Vivienda,Manabí,1278.42,0.0291,70,180,39443.56,714,0.01155,0.25,34034.02,98.3,0,Pérdida
EC-000391,Productivo,Imbabura,2637.06,0.3121,119,0,37790.92,829,0.002,0.4668,27312.68,25.5,0,Normal
EC-000392,Consumo,Imbabura,2069.59,0.1522,21,0,3095.1,882,0.002,0.505,2566.31,2.59,0,Normal
EC-000393,Productivo,Guayas,3202.57,0.3173,25,0,15845.33,842,0.002,0.4151,13053.12,10.84,0,Normal
EC-000394,Productivo,Azuay,993.09,0.5763,156,0,41034.86,758,0.002,0.5775,36826.78,42.54,0,Normal
EC-000395,Consumo,El Oro,2785.36,0.4979,84,60,6628.8,764,0.002,0.4046,6605.47,5.35,0,Deficiente
EC-000396,Microcrédito,Loja,4489.65,0.5418,110,45,2490.14,687,0.00345,0.3517,2391.13,2.9,0,Deficiente
EC-000397,Vivienda,Pichincha,3030.35,0.3512,134,0,43414.47,769,0.002,0.25,43111.58,21.56,0,Normal
EC-000398,Consumo,Los Ríos,2417.34,0.3098,27,0,4910.08,801,0.002,0.3752,4842.63,3.63,0,Normal
EC-000399,Microcrédito,Imbabura,2074.92,0.1161,176,45,4599.06,787,0.002,0.5356,3406.76,3.65,0,Deficiente
EC-000400,Microcrédito,El Oro,1283.5,0.4013,77,0,1938.76,697,0.002,0.5217,1548.96,1.62,0,Normal
EC-000401,Consumo,Loja,2107.38,0.5626,161,0,1583.68,736,0.002,0.3953,1271.94,1.01,0,Normal
EC-000402,Comercial,Los Ríos,5008.08,0.3522,76,0,20668.6,820,0.002,0.4312,15292.4,13.19,0,Normal
EC-000403,Vivienda,Pichincha,2043.93,0.7681,74,0,31702.5,701,0.00225,0.25,30341.26,17.06,0,Normal
EC-000404,Consumo,Manabí,1238.46,0.3354,109,0,2501.44,777,0.002,0.546,2428.13,2.65,0,Normal
EC-000405,Comercial,Los Ríos,1603.65,0.5332,35,0,7543.54,749,0.002,0.4466,6709.17,5.99,0,Normal
EC-000406,Vivienda,Chimborazo,2516.32,0.2379,110,60,32702.3,757,0.002,0.25,31704.14,15.85,0,Deficiente
EC-000407,Consumo,Azuay,1732.32,0.2484,177,0,2352.87,854,0.002,0.5578,2164.69,2.42,0,Normal
EC-000408,Vivienda,Tungurahua,3027.36,0.2166,117,90,75326.1,697,0.00378,0.25,63526.65,60.0,0,Dudoso
EC-000409,Consumo,Guayas,3102.14,0.1899,13,30,13441.96,819,0.002,0.3572,10242.26,7.32,0,Vigilancia
EC-000410,Comercial,Guayas,3935.68,0.5648,126,0,41729.65,726,0.002,0.4557,41244.72,37.59,0,Normal
EC-000411,Productivo,Loja,5570.91,0.11,7,0,19271.8,835,0.002,0.4572,17611.31,16.1,0,Normal
EC-000412,Productivo,Los Ríos,4218.81,0.1661,19,0,19927.43,898,0.002,0.4598,16323.98,15.01,0,Normal
EC-000413,Consumo,Tungurahua,1203.21,0.6988,52,45,3015.24,613,0.01181,0.6646,2279.55,17.89,0,Deficiente
EC-000414,Vivienda,Manabí,1227.46,0.5072,55,0,59052.76,731,0.002,0.25,55728.77,27.86,0,Normal
EC-000415,Consumo,Azuay,2102.22,0.2574,1,90,2586.54,642,0.00775,0.4391,2443.15,8.31,0,Dudoso
EC-000416,Consumo,Guayas,1647.04,0.3827,4,5,7137.05,741,0.002,0.6247,6223.81,7.78,0,Vigilancia
EC-000417,Consumo,Azuay,1053.73,0.2827,143,5,11828.27,814,0.002,0.6553,11828.13,15.5,0,Vigilancia
EC-000418,Vivienda,Guayas,1657.23,0.5036,82,0,98291.68,788,0.002,0.25,81404.94,40.7,0,Normal
EC-000419,Consumo,Guayas,1622.25,0.1993,36,0,9566.27,824,0.002,0.5282,9411.09,9.94,0,Normal
EC-000420,Comercial,Tungurahua,1426.96,0.1707,78,15,25814.37,806,0.002,0.3674,23141.89,17.01,0,Vigilancia
EC-000421,Productivo,Guayas,1798.55,0.2533,125,15,7650.67,765,0.002,0.6167,7086.03,8.74,0,Vigilancia
EC-000422,Consumo,Pichincha,4750.44,0.5564,133,0,6659.66,743,0.002,0.5462,6505.03,7.11,0,Normal
EC-000423,Consumo,El Oro,2513.68,0.1164,52,5,8658.3,790,0.002,0.5081,8248.96,8.38,0,Vigilancia
EC-000424,Consumo,Azuay,11011.28,0.4907,31,0,15362.42,802,0.002,0.4498,12302.64,11.07,0,Normal
EC-000425,Productivo,Manabí,2467.18,0.2992,173,5,18860.66,842,0.002,0.4964,18159.53,18.03,0,Vigilancia
EC-000426,Vivienda,Guayas,1828.88,0.2114,114,0,21461.51,836,0.002,0.25,18695.52,9.35,0,Normal
EC-000427,Consumo,Azuay,2214.29,0.5651,177,0,27223.53,774,0.002,0.3767,19942.66,15.02,0,Normal
EC-000428,Vivienda,Manabí,2608.99,0.1639,56,30,78160.59,831,0.002,0.25,71022.11,35.51,0,Vigilancia
EC-000429,Consumo,Tungurahua,2930.46,0.4841,21,0,4072.91,766,0.002,0.3614,3502.35,2.53,0,Normal
EC-000430,Vivienda,Manabí,8517.37,0.5063,69,0,22703.41,825,0.002,0.25,19757.75,9.88,0,Normal
EC-000431,Comercial,El Oro,1274.8,0.3381,60,15,50227.53,738,0.002,0.4196,41951.39,35.21,0,Vigilancia
EC-000432,Vivienda,El Oro,3859.84,0.772,130,15,37898.06,684,0.00335,0.25,27966.64,23.39,0,Vigilancia
EC-000433,Productivo,Azuay,2527.63,0.1403,129,30,8251.23,801,0.002,0.5071,6357.24,6.45,0,Vigilancia
EC-000434,Vivienda,Azuay,795.35,0.1897,13,0,63720.8,838,0.002,0.25,59375.5,29.69,0,Normal
EC-000435,Consumo,Manabí,3644.43,0.4217,106,0,4559.8,744,0.002,0.4689,3582.1,3.36,0,Normal
EC-000436,Consumo,Pichincha,5033.93,0.5487,62,15,9111.23,791,0.002,0.5204,8161.51,8.49,0,Vigilancia
EC-000437,Consumo,Tungurahua,1265.01,0.656,111,0,10119.39,750,0.002,0.4615,8821.29,8.14,0,Normal
EC-000438,Microcrédito,Tungurahua,2195.56,0.5908,71,0,8262.51,805,0.002,0.4688,6461.21,6.06,0,Normal
EC-000439,Vivienda,Loja,719.47,0.4372,97,0,75867.0,771,0.002,0.25,60584.35,30.29,0,Normal
EC-000440,Productivo,Loja,974.36,0.5819,129,0,54881.73,727,0.002,0.4639,45409.09,42.13,0,Normal
EC-000441,Vivienda,Loja,4364.33,0.0974,53,180,18829.49,722,0.01089,0.25,18197.8,49.53,0,Pérdida
EC-000442,Consumo,Tungurahua,1630.81,0.1757,36,0,1717.28,866,0.002,0.4311,1689.06,1.46,0,Normal
EC-000443,Vivienda,Imbabura,1074.14,0.1129,128,0,78506.11,830,0.002,0.25,65025.94,32.51,0,Normal
EC-000444,Consumo,Guayas,2563.55,0.3391,171,90,9724.32,621,0.01133,0.6342,7127.17,51.2,0,Dudoso
EC-000445,Consumo,Manabí,1572.52,0.406,80,120,5488.2,559,0.044,0.5699,4874.9,122.23,0,Pérdida
EC-000446,Productivo,Pichincha,1626.14,0.1479,180,0,8750.42,861,0.002,0.3601,7323.41,5.27,0,Normal
EC-000447,Comercial,Manabí,3570.86,0.4285,34,60,46851.01,752,0.002,0.5351,40191.06,43.02,0,Deficiente
EC-000448,Productivo,Azuay,1037.82,0.2981,148,0,151267.36,767,0.002,0.6249,127631.25,159.52,0,Normal
EC-000449,Consumo,Loja,1226.0,0.3101,178,30,4615.63,761,0.002,0.4707,4169.21,3.92,0,Vigilancia
EC-000450,Productivo,Manabí,2440.97,0.3819,54,0,146108.16,778,0.002,0.4433,117652.61,104.32,0,Normal
EC-000451,Consumo,Loja,4146.9,0.3217,27,0,9960.27,871,0.002,0.4561,9660.84,8.81,0,Normal
EC-000452,Vivienda,Loja,4938.44,0.3026,120,0,30321.93,900,0.002,0.25,25408.25,12.7,0,Normal
EC-000453,Productivo,Imbabura,1433.26,0.1008,157,15,8985.86,856,0.002,0.3732,7329.46,5.47,0,Vigilancia
EC-000454,Consumo,Los Ríos,4061.45,0.135,15,0,2168.06,876,0.002,0.4284,2121.28,1.82,0,Normal
EC-000455,Consumo,Pichincha,1326.51,0.0927,116,0,2613.37,892,0.002,0.5635,2143.7,2.42,0,Normal
EC-000456,Consumo,Loja,7237.54,0.1881,157,15,16503.94,792,0.002,0.5059,12266.73,12.41,0,Vigilancia
EC-000457,Comercial,Los Ríos,1056.85,0.4959,6,0,10851.51,771,0.002,0.4316,8285.07,7.15,0,Normal
EC-000458,Microcrédito,El Oro,5237.04,0.1876,93,60,2665.65,733,0.002,0.6572,2452.41,3.22,0,Deficiente
EC-000459,Vivienda,Azuay,1441.28,0.2547,14,0,34188.45,801,0.002,0.25,29998.7,15.0,0,Normal
EC-000460,Productivo,El Oro,8173.15,0.3857,32,0,21150.62,837,0.002,0.3927,18394.54,14.45,0,Normal
EC-000461,Productivo,Guayas,3243.34,0.3114,88,0,61710.43,818,0.002,0.4158,45848.22,38.13,0,Normal
EC-000462,Consumo,Pichincha,1140.92,0.2248,59,0,5587.59,858,0.002,0.4479,4279.76,3.83,0,Normal
EC-000463,Comercial,Tungurahua,1572.69,0.3949,16,0,15410.34,821,0.002,0.5224,12805.06,13.38,0,Normal
EC-000464,Consumo,El Oro,3669.34,0.3743,145,0,2312.67,746,0.002,0.3719,1955.23,1.45,0,Normal
EC-000465,Productivo,Imbabura,4377.44,0.4874,37,5,11222.95,685,0.002,0.6321,9263.9,11.71,0,Vigilancia
EC-000466,Productivo,Loja,2109.14,0.2171,157,0,36465.82,879,0.002,0.6396,31388.62,40.15,0,Normal
EC-000467,Productivo,Los Ríos,2273.39,0.2497,32,0,5453.05,858,0.002,0.4551,5046.22,4.59,0,Normal
EC-000468,Comercial,Manabí,3615.3,0.3006,94,30,11018.52,788,0.002,0.6059,9894.6,11.99,0,Vigilancia
EC-000469,Consumo,Imbabura,2405.88,0.1927,131,0,20137.09,859,0.002,0.5479,17945.37,19.66,0,Normal
EC-000470,Microcrédito,Guayas,952.63,0.0451,87,5,5775.45,888,0.002,0.629,5060.32,6.37,0,Vigilancia
EC-000471,Microcrédito,Pichincha,1301.88,0.3888,76,60,5765.14,736,0.00217,0.4414,4475.24,4.29,0,Deficiente
EC-000472,Microcrédito,Imbabura,2573.0,0.5744,136,0,3738.29,747,0.002,0.5514,3324.46,3.67,0,Normal
EC-000473,Consumo,Los Ríos,4866.18,0.309,3,5,4695.07,831,0.002,0.374,3588.76,2.68,0,Vigilancia
EC-000474,Consumo,Chimborazo,6313.14,0.2968,149,120,6397.37,657,0.01055,0.3531,5883.12,21.91,0,Pérdida
EC-000475,Consumo,Loja,3665.41,0.2053,125,0,3739.99,855,0.002,0.6387,3166.43,4.04,0,Normal
EC-000476,Consumo,Pichincha,2661.75,0.5558,138,180,11582.22,608,0.09317,0.4472,10224.89,426.02,0,Pérdida
EC-000477,Microcrédito,Chimborazo,3592.95,0.0764,76,0,3081.32,838,0.002,0.497,2962.94,2.95,0,Normal
EC-000478,Productivo,Tungurahua,1431.69,0.5302,70,5,61510.16,721,0.002,0.4265,50713.11,43.26,0,Vigilancia
EC-000479,Productivo,Azuay,1999.0,0.5368,103,0,6734.74,839,0.002,0.6393,5037.14,6.44,0,Normal
EC-000480,Microcrédito,Imbabura,1292.48,0.2988,116,0,4219.4,783,0.002,0.4769,4091.1,3.9,0,Normal
EC-000481,Microcrédito,Chimborazo,980.75,0.1964,167,180,15729.94,686,0.02187,0.4091,12933.08,115.74,0,Pérdida
EC-000482,Consumo,Azuay,2743.0,0.448,155,0,7229.09,808,0.002,0.5506,6027.81,6.64,0,Normal
EC-000483,Productivo,Imbabura,2491.36,0.4431,10,120,41657.91,604,0.02828,0.4178,33446.58,395.14,0,Pérdida
EC-000484,Consumo,Imbabura,3452.92,0.3537,28,15,2119.51,798,0.002,0.436,1775.4,1.55,0,Vigilancia
EC-000485,Consumo,El Oro,3149.42,0.0873,171,90,2019.8,762,0.002,0.572,1748.88,2.0,0,Dudoso
EC-000486,Microcrédito,Tungurahua,2585.62,0.5955,70,120,3123.03,552,0.06544,0.6665,2986.01,130.24,0,Pérdida
EC-000487,Microcrédito,Azuay,3171.0,0.2654,105,5,2841.62,841,0.002,0.5991,2618.97,3.14,0,Vigilancia
EC-000488,Consumo,Chimborazo,2147.92,0.4082,11,180,1894.77,594,0.08316,0.391,1636.55,53.21,0,Pérdida
EC-000489,Productivo,Chimborazo,2888.17,0.0637,19,30,24075.77,879,0.002,0.4531,22483.81,20.38,0,Vigilancia
EC-000490,Microcrédito,Chimborazo,1377.47,0.0851,74,0,1629.16,871,0.002,0.6128,1559.73,1.91,0,Normal
EC-000491,Productivo,Imbabura,2808.23,0.1139,130,15,13098.99,820,0.002,0.4408,9644.55,8.5,0,Vigilancia
EC-000492,Productivo,Pichincha,3410.01,0.4258,140,0,7463.63,807,0.002,0.5942,6611.47,7.86,0,Normal
EC-000493,Productivo,Loja,1428.97,0.5482,162,0,9237.26,726,0.002,0.5057,6762.74,6.84,0,Normal
EC-000494,Consumo,Manabí,2284.02,0.0816,36,0,7419.0,864,0.002,0.6419,5981.73,7.68,0,Normal
EC-000495,Vivienda,Chimborazo,1472.41,0.3418,37,0,49932.38,783,0.002,0.25,46610.7,23.31,0,Normal
EC-000496,Microcrédito,El Oro,1568.34,0.5819,98,0,1694.32,718,0.002,0.6584,1595.3,2.1,0,Normal
EC-000497,Microcrédito,El Oro,1062.94,0.0528,99,0,9017.9,836,0.002,0.4845,8724.56,8.45,0,Normal
EC-000498,Productivo,Guayas,5027.88,0.5873,7,15,71027.46,806,0.002,0.5897,61048.57,72.0,0,Vigilancia
EC-000499,Microcrédito,Imbabura,4414.7,0.02,81,15,3771.58,867,0.002,0.4144,2804.39,2.32,0,Vigilancia
EC-000500,Microcrédito,Loja,3131.7,0.3267,162,60,2185.16,721,0.00212,0.5252,1650.89,1.84,0,Deficiente
EC-000501,Vivienda,Pichincha,7957.96,0.19,30,120,22762.38,658,0.00792,0.25,17946.01,35.54,0,Pérdida
EC-000502,Vivienda,Chimborazo,1952.74,0.2739,148,60,34278.04,760,0.002,0.25,28252.34,14.13,0,Deficiente
EC-000503,Comercial,Guayas,15845.58,0.363,81,5,40787.15,789,0.002,0.4943,35380.29,34.98,0,Vigilancia
EC-000504,Microcrédito,Pichincha,1904.75,0.4933,95,0,1452.73,731,0.002,0.4069,1308.71,1.07,0,Normal
EC-000505,Microcrédito,Pichincha,2606.79,0.6054,116,120,2471.11,587,0.04613,0.6663,1891.64,58.14,0,Pérdida
EC-000506,Vivienda,Manabí,1705.21,0.4736,128,0,43877.11,776,0.002,0.25,33913.11,16.96,0,Normal
EC-000507,Consumo,Guayas,2813.01,0.2929,115,0,2638.72,808,0.002,0.594,2027.69,2.41,0,Normal
EC-000508,Vivienda,Los Ríos,3801.5,0.1592,19,0,10942.0,808,0.002,0.25,10191.19,5.1,0,Normal
EC-000509,Microcrédito,El Oro,2050.74,0.2592,54,5,7032.17,796,0.002,0.4355,5657.98,4.93,0,Vigilancia
EC-000510,Consumo,Loja,7008.42,0.1968,153,15,965.14,818,0.002,0.457,739.96,0.68,0,Vigilancia
EC-000511,Consumo,Pichincha,2579.75,0.4008,8,0,5718.98,757,0.002,0.4174,4808.43,4.01,0,Normal
EC-000512,Vivienda,Manabí,2632.83,0.0805,129,30,41491.85,841,0.002,0.25,32749.71,16.37,0,Vigilancia
EC-000513,Consumo,Guayas,1223.11,0.2455,94,0,4237.56,899,0.002,0.6177,3489.22,4.31,0,Normal
EC-000514,Consumo,Chimborazo,2898.72,0.2023,22,0,4302.98,874,0.002,0.4118,4090.94,3.37,0,Normal
EC-000515,Microcrédito,Azuay,2024.1,0.389,23,0,6045.96,849,0.002,0.3515,4918.33,3.46,0,Normal
EC-000516,Consumo,Manabí,1487.19,0.6104,177,0,4172.2,724,0.002,0.3915,3208.25,2.51,0,Normal
EC-000517,Consumo,Pichincha,1333.14,0.3323,6,30,5677.62,805,0.002,0.5021,4457.42,4.48,0,Vigilancia
EC-000518,Vivienda,Guayas,12539.59,0.2597,5,0,65982.1,833,0.002,0.25,48141.86,24.07,0,Normal
EC-000519,Consumo,Azuay,1860.76,0.6638,4,0,18298.15,748,0.002,0.4831,17791.59,17.19,0,Normal
EC-000520,Vivienda,Pichincha,856.59,0.2875,114,0,20110.95,828,0.002,0.25,18404.56,9.2,0,Normal
EC-000521,Vivienda,Imbabura,1402.7,0.1797,167,30,28369.56,790,0.002,0.25,24106.78,12.05,0,Vigilancia
EC-000522,Microcrédito,Chimborazo,2135.55,0.1104,31,180,1643.58,710,0.01373,0.5852,1441.49,11.58,0,Pérdida
EC-000523,Consumo,Chimborazo,3150.55,0.2699,144,15,9014.08,827,0.002,0.6798,7131.45,9.7,0,Vigilancia
EC-000524,Productivo,Azuay,3167.25,0.4484,130,5,7147.55,720,0.002,0.4142,5954.15,4.93,0,Vigilancia
EC-000525,Consumo,Imbabura,3428.23,0.3183,42,90,6454.41,680,0.00553,0.4258,5225.19,12.3,0,Dudoso
EC-000526,Microcrédito,El Oro,1452.21,0.1764,13,0,6143.11,855,0.002,0.4478,5841.31,5.23,0,Normal
EC-000527,Comercial,Pichincha,2755.31,0.186,88,0,24832.06,852,0.002,0.6091,23048.1,28.08,0,Normal
EC-000528,Comercial,Pichincha,1249.58,0.4754,15,0,31840.72,771,0.002,0.5169,25456.23,26.32,0,Normal
EC-000529,Vivienda,El Oro,1476.21,0.4694,21,0,31923.72,733,0.002,0.25,29798.54,14.9,0,Normal
EC-000530,Consumo,Manabí,1216.2,0.3041,84,0,7454.6,815,0.002,0.5303,5563.38,5.9,0,Normal
EC-000531,Productivo,Pichincha,1019.99,0.3413,147,0,12543.33,799,0.002,0.6593,9742.65,12.85,0,Normal
EC-000532,Productivo,Chimborazo,4410.47,0.4639,179,0,18391.65,782,0.002,0.3615,13789.81,9.97,0,Normal
EC-000533,Microcrédito,Imbabura,3455.07,0.2638,114,0,6233.31,808,0.002,0.4021,4903.8,3.94,0,Normal
EC-000534,Productivo,El Oro,4166.5,0.3723,50,0,4883.38,829,0.002,0.4761,3825.32,3.64,0,Normal
EC-000535,Consumo,Chimborazo,2265.51,0.3272,60,0,3093.25,815,0.002,0.5111,3007.12,3.07,0,Normal
EC-000536,Consumo,Chimborazo,3658.93,0.5889,111,60,3429.01,684,0.00524,0.3876,2783.23,5.65,0,Deficiente
EC-000537,Microcrédito,Chimborazo,702.86,0.6244,32,15,9305.32,769,0.002,0.6447,7625.35,9.83,0,Vigilancia
EC-000538,Consumo,Azuay,3869.99,0.0564,94,0,5141.5,893,0.002,0.5737,3845.48,4.41,0,Normal
EC-000539,Consumo,Los Ríos,2477.8,0.2148,139,0,2411.85,882,0.002,0.6576,1781.09,2.34,0,Normal
EC-000540,Vivienda,El Oro,3319.67,0.1824,152,0,70318.47,860,0.002,0.25,54948.86,27.47,0,Normal
EC-000541,Comercial,Imbabura,2827.12,0.5097,11,0,40443.96,742,0.002,0.5191,30643.29,31.82,0,Normal
EC-000542,Microcrédito,Los Ríos,1162.6,0.3915,52,0,3170.67,743,0.002,0.6315,2588.82,3.27,0,Normal
EC-000543,Vivienda,Guayas,834.03,0.3737,46,0,82257.5,788,0.002,0.25,63510.39,31.76,0,Normal
EC-000544,Comercial,Manabí,1390.15,0.439,100,45,83652.66,625,0.00612,0.469,64403.17,184.74,0,Deficiente
EC-000545,Consumo,Guayas,3188.15,0.7678,34,45,5863.93,649,0.00854,0.5669,5285.22,25.58,0,Deficiente
EC-000546,Microcrédito,Azuay,3458.39,0.1713,172,30,3448.89,824,0.002,0.6644,3392.98,4.51,0,Vigilancia
EC-000547,Microcrédito,Manabí,907.63,0.2242,166,5,2076.8,814,0.002,0.6021,1502.56,1.81,0,Vigilancia
EC-000548,Consumo,Los Ríos,1167.11,0.1776,60,30,2660.4,787,0.002,0.5841,2441.07,2.85,0,Vigilancia
EC-000549,Vivienda,Los Ríos,1380.08,0.1664,74,30,18551.24,753,0.002,0.25,16780.99,8.39,0,Vigilancia
EC-000550,Microcrédito,Loja,1750.67,0.2004,80,60,1282.6,800,0.002,0.6243,1133.58,1.42,0,Deficiente
EC-000551,Microcrédito,Loja,911.11,0.2328,8,30,5563.33,754,0.002,0.4786,5084.01,4.87,0,Vigilancia
EC-000552,Consumo,El Oro,876.26,0.1988,160,30,3329.76,759,0.002,0.5559,2871.71,3.19,0,Vigilancia
EC-000553,Consumo,Chimborazo,1294.41,0.4671,141,45,3114.48,734,0.002,0.5736,3050.75,3.5,0,Deficiente
EC-000554,Comercial,Chimborazo,2335.7,0.2974,60,0,17177.28,814,0.002,0.52,13128.65,13.65,0,Normal
EC-000555,Consumo,Azuay,1025.17,0.1207,99,0,8821.34,837,0.002,0.4046,7521.03,6.09,0,Normal
EC-000556,Consumo,Guayas,2048.22,0.156,69,0,10083.79,827,0.002,0.5802,9104.16,10.56,0,Normal
EC-000557,Consumo,Imbabura,4394.28,0.1684,42,0,8973.52,843,0.002,0.4316,8744.12,7.55,0,Normal
EC-000558,Microcrédito,Loja,947.52,0.8931,55,0,3905.74,710,0.00271,0.4376,3345.2,3.97,0,Normal
EC-000559,Productivo,Guayas,1931.03,0.237,20,0,6180.22,831,0.002,0.3918,6140.41,4.81,0,Normal
EC-000560,Microcrédito,Pichincha,4298.8,0.3098,146,0,2169.89,823,0.002,0.5546,1961.18,2.18,0,Normal
EC-000561,Consumo,Manabí,1682.65,0.0647,118,0,6241.52,900,0.002,0.3887,5715.86,4.44,0,Normal
EC-000562,Consumo,Loja,1520.99,0.2382,168,120,1117.04,669,0.0097,0.4639,1060.18,4.77,0,Pérdida
EC-000563,Vivienda,El Oro,4704.49,0.5897,2,0,35307.07,753,0.002,0.25,32676.59,16.34,0,Normal
EC-000564,Productivo,Azuay,1809.79,0.2006,114,0,40186.79,845,0.002,0.4995,34815.24,34.78,0,Normal
EC-000565,Productivo,Imbabura,4527.48,0.563,101,0,10936.53,784,0.002,0.6452,10240.23,13.21,0,Normal
EC-000566,Productivo,Tungurahua,2918.51,0.1651,113,0,7286.45,837,0.002,0.5126,5319.15,5.45,0,Normal
EC-000567,Vivienda,Manabí,1767.2,0.2976,179,15,51055.17,758,0.002,0.25,50094.05,25.05,0,Vigilancia
EC-000568,Consumo,Guayas,3016.34,0.3297,71,5,6636.67,832,0.002,0.6004,6308.04,7.58,0,Vigilancia
EC-000569,Microcrédito,El Oro,2719.74,0.1966,26,0,1251.76,881,0.002,0.4666,1124.76,1.05,0,Normal
EC-000570,Microcrédito,Tungurahua,4287.99,0.31,3,0,1399.42,765,0.002,0.6689,1034.52,1.38,0,Normal
EC-000571,Microcrédito,Loja,1546.23,0.4648,89,0,2690.22,779,0.002,0.4365,2159.11,1.88,0,Normal
EC-000572,Vivienda,Azuay,2268.3,0.4953,32,15,34762.16,723,0.002,0.25,27497.42,13.75,0,Vigilancia
EC-000573,Microcrédito,El Oro,2121.79,0.6089,26,90,2051.88,641,0.01577,0.513,1625.02,13.14,0,Dudoso
EC-000574,Vivienda,Loja,3490.14,0.2721,27,90,56414.62,701,0.004,0.25,51235.12,51.17,0,Dudoso
EC-000575,Vivienda,Manabí,1134.14,0.4715,50,0,23742.66,877,0.002,0.25,22919.23,11.46,0,Normal
EC-000576,Microcrédito,Loja,4277.12,0.2085,21,30,2331.75,778,0.002,0.5591,2123.89,2.37,0,Vigilancia
EC-000577,Comercial,Loja,2990.25,0.6428,88,45,9621.69,731,0.00273,0.3874,7974.96,8.43,0,Deficiente
EC-000578,Productivo,Imbabura,938.23,0.166,118,60,12740.95,818,0.002,0.6158,12631.2,15.56,0,Deficiente
EC-000579,Vivienda,Manabí,4843.39,0.4287,53,0,43332.3,804,0.002,0.25,41665.01,20.83,0,Normal
EC-000580,Microcrédito,Manabí,9434.8,0.2428,25,0,2998.5,831,0.002,0.4911,2734.38,2.69,0,Normal
EC-000581,Microcrédito,Tungurahua,4235.23,0.1945,104,0,16505.31,851,0.002,0.5665,13720.71,15.54,0,Normal
EC-000582,Microcrédito,Loja,5583.33,0.1297,16,0,1536.37,850,0.002,0.5078,1400.36,1.42,0,Normal
EC-000583,Consumo,Guayas,2334.36,0.4834,133,15,4749.8,797,0.002,0.607,3962.46,4.81,0,Vigilancia
EC-000584,Microcrédito,Los Ríos,749.96,0.1331,69,0,8138.61,807,0.002,0.5771,6213.44,7.17,0,Normal
EC-000585,Comercial,Pichincha,666.02,0.5074,74,0,49197.35,746,0.002,0.393,43946.7,34.55,0,Normal
EC-000586,Productivo,El Oro,2606.6,0.4634,45,45,52852.87,700,0.00273,0.6052,48385.14,80.05,0,Deficiente
EC-000587,Consumo,Azuay,1502.99,0.3204,51,0,1915.8,738,0.002,0.4897,1566.75,1.53,0,Normal
EC-000588,Microcrédito,Azuay,1218.68,0.6384,27,180,1823.69,587,0.13768,0.5473,1787.59,134.69,0,Pérdida
EC-000589,Consumo,Pichincha,2120.09,0.4836,101,45,4278.85,750,0.002,0.4215,4104.25,3.46,0,Deficiente
EC-000590,Consumo,Chimborazo,3294.9,0.0786,27,60,4016.82,755,0.002,0.4896,3547.65,3.47,0,Deficiente
EC-000591,Comercial,Manabí,858.95,0.3578,123,30,13127.0,792,0.002,0.6197,9672.84,11.99,0,Vigilancia
EC-000592,Microcrédito,Loja,1649.5,0.4542,47,0,14629.25,713,0.002,0.6557,10603.58,13.9,0,Normal
EC-000593,Consumo,Imbabura,5892.38,0.2472,102,0,7655.06,839,0.002,0.6598,6883.19,9.08,0,Normal
EC-000594,Productivo,Pichincha,1097.8,0.3015,97,90,44255.78,682,0.00565,0.581,41948.53,137.77,0,Dudoso
EC-000595,Consumo,El Oro,3886.81,0.3898,115,0,1764.69,807,0.002,0.376,1517.81,1.14,0,Normal
EC-000596,Consumo,Manabí,1611.51,0.292,137,0,11232.17,821,0.002,0.4961,8161.04,8.1,0,Normal
EC-000597,Productivo,El Oro,3148.77,0.2155,101,5,18362.72,830,0.002,0.4137,13965.8,11.56,0,Vigilancia
EC-000598,Productivo,Guayas,4506.44,0.1334,154,0,11430.74,851,0.002,0.5802,8906.25,10.34,0,Normal
EC-000599,Comercial,Chimborazo,3575.4,0.6369,47,0,10072.24,730,0.002,0.4033,9022.43,7.28,0,Normal
EC-000600,Productivo,Azuay,3987.64,0.2705,136,0,13247.11,880,0.002,0.6726,11340.81,15.26,0,Normal
EC-000601,Microcrédito,Tungurahua,1044.68,0.405,62,0,3818.81,757,0.002,0.4142,2858.83,2.37,0,Normal
EC-000602,Vivienda,Imbabura,4554.54,0.2369,114,15,10621.69,899,0.002,0.25,9139.63,4.57,0,Vigilancia
EC-000603,Comercial,Loja,1268.7,0.4831,89,0,17757.31,744,0.002,0.6284,17108.43,21.5,0,Normal
EC-000604,Productivo,Guayas,2614.17,0.2885,164,0,5482.79,832,0.002,0.4167,4621.73,3.85,0,Normal
EC-000605,Comercial,Azuay,2611.97,0.534,49,0,28248.97,775,0.002,0.3579,21523.83,15.41,0,Normal
EC-000606,Vivienda,Los Ríos,3027.01,0.3537,94,5,15394.47,789,0.002,0.25,13575.49,6.79,0,Vigilancia
EC-000607,Vivienda,Chimborazo,2749.08,0.0702,30,0,63502.38,900,0.002,0.25,62246.82,31.12,0,Normal
EC-000608,Consumo,Chimborazo,1276.05,0.1845,115,0,14006.49,859,0.002,0.4383,10539.25,9.24,0,Normal
EC-000609,Vivienda,Azuay,918.36,0.3272,7,45,44979.32,716,0.002,0.25,34354.94,17.18,0,Deficiente
EC-000610,Microcrédito,Tungurahua,3893.36,0.2992,75,0,3068.65,865,0.002,0.4283,2696.48,2.31,0,Normal
EC-000611,Microcrédito,Guayas,2491.88,0.5029,2,30,3360.31,677,0.00291,0.5341,2739.32,4.26,0,Vigilancia
EC-000612,Productivo,Imbabura,4661.51,0.4889,59,0,22990.73,753,0.002,0.4565,22318.41,20.38,0,Normal
EC-000613,Comercial,Manabí,2145.06,0.3543,88,0,24731.97,821,0.002,0.5451,22742.87,24.8,0,Normal
EC-000614,Comercial,Imbabura,885.93,0.2365,60,0,13093.13,842,0.002,0.5077,9966.29,10.12,0,Normal
EC-000615,Consumo,Tungurahua,4138.07,0.1069,70,60,3930.71,792,0.002,0.6565,3788.42,4.97,0,Deficiente
EC-000616,Vivienda,Chimborazo,1735.86,0.1796,27,0,48156.98,824,0.002,0.25,43333.66,21.67,0,Normal
EC-000617,Vivienda,Manabí,2758.11,0.2126,129,0,13966.52,833,0.002,0.25,11986.31,5.99,0,Normal
EC-000618,Microcrédito,Loja,1449.76,0.2497,144,0,5080.6,867,0.002,0.5105,4022.99,4.11,0,Normal
EC-000619,Consumo,El Oro,6430.43,0.2782,82,0,2290.06,837,0.002,0.45,2065.45,1.86,0,Normal
EC-000620,Consumo,Guayas,1249.17,0.1554,10,45,3891.16,736,0.002,0.4536,3780.56,3.43,0,Deficiente
EC-000621,Vivienda,Guayas,1773.43,0.3336,12,180,67623.36,596,0.07193,0.25,49417.35,888.59,0,Pérdida
EC-000622,Microcrédito,El Oro,2368.1,0.0993,122,0,1737.47,900,0.002,0.4133,1433.48,1.19,0,Normal
EC-000623,Comercial,Los Ríos,1085.81,0.1576,168,0,47807.4,820,0.002,0.3937,46946.13,36.97,0,Normal
EC-000624,Microcrédito,El Oro,2737.6,0.2812,156,0,2199.59,836,0.002,0.4729,1819.53,1.72,0,Normal
EC-000625,Comercial,Imbabura,6296.45,0.1674,73,120,24111.75,737,0.00338,0.3931,17602.63,23.37,0,Pérdida
EC-000626,Microcrédito,Guayas,1605.51,0.1077,90,0,2403.95,874,0.002,0.4262,1799.13,1.53,0,Normal
EC-000627,Vivienda,Manabí,2855.04,0.6176,30,0,10772.02,706,0.002,0.25,9839.31,4.92,0,Normal
EC-000628,Consumo,Tungurahua,450.0,0.3752,13,120,5991.28,570,0.03838,0.6107,5488.22,128.65,0,Pérdida
EC-000629,Microcrédito,Loja,2153.17,0.2124,138,120,3180.52,743,0.00402,0.4242,2392.43,4.08,0,Pérdida
EC-000630,Vivienda,Pichincha,1801.77,0.4394,78,0,39624.97,741,0.002,0.25,30962.18,15.48,0,Normal
EC-000631,Comercial,Pichincha,1297.22,0.4526,90,0,26230.24,754,0.002,0.3551,23027.12,16.36,0,Normal
EC-000632,Vivienda,Chimborazo,4460.17,0.3129,62,15,71671.18,806,0.002,0.25,65380.54,32.69,0,Vigilancia
EC-000633,Consumo,Tungurahua,1786.37,0.5184,57,45,5902.39,688,0.00358,0.5206,4508.85,8.41,0,Deficiente
EC-000634,Microcrédito,Azuay,1967.74,0.1667,178,0,6498.46,869,0.002,0.507,5509.31,5.59,0,Normal
EC-000635,Consumo,Azuay,1728.18,0.2914,147,0,1015.04,768,0.002,0.5647,890.57,1.01,0,Normal
EC-000636,Consumo,Pichincha,635.28,0.4954,125,0,19108.4,755,0.002,0.5068,14023.98,14.21,0,Normal
EC-000637,Productivo,Chimborazo,1058.08,0.2218,71,0,6725.01,845,0.002,0.4846,5263.34,5.1,0,Normal
EC-000638,Productivo,Guayas,4124.54,0.603,130,0,13132.15,780,0.002,0.4724,12833.93,12.13,0,Normal
EC-000639,Vivienda,Imbabura,560.33,0.2447,62,30,26029.99,748,0.002,0.25,25155.25,12.58,0,Vigilancia
EC-000640,Vivienda,Azuay,1341.97,0.257,93,0,39252.06,784,0.002,0.25,31805.76,15.9,0,Normal
EC-000641,Vivienda,Loja,1703.06,0.2081,27,0,33636.47,829,0.002,0.25,32393.05,16.2,0,Normal
EC-000642,Vivienda,Azuay,6859.26,0.2543,128,45,55772.75,735,0.002,0.25,50034.55,25.02,0,Deficiente
EC-000643,Consumo,Los Ríos,3639.47,0.148,11,0,2134.76,885,0.002,0.3992,2123.78,1.7,0,Normal
EC-000644,Consumo,Pichincha,1537.39,0.3758,131,0,20892.9,804,0.002,0.5247,20695.28,21.72,0,Normal
EC-000645,Productivo,Loja,5156.09,0.4392,109,120,13350.01,608,0.02469,0.4986,11918.13,146.68,0,Pérdida
EC-000646,Vivienda,Azuay,1364.67,0.2341,12,0,21680.89,774,0.002,0.25,18450.33,9.23,0,Normal
EC-000647,Consumo,Azuay,4255.28,0.6329,92,60,1237.17,641,0.00894,0.6531,940.05,5.49,0,Deficiente
EC-000648,Microcrédito,Guayas,912.99,0.4004,41,0,3327.36,719,0.002,0.6247,2889.8,3.61,0,Normal
EC-000649,Productivo,Chimborazo,4436.48,0.056,86,0,6231.15,894,0.002,0.6493,5181.34,6.73,0,Normal
EC-000650,Consumo,Loja,1695.98,0.2889,3,5,10292.48,764,0.002,0.5596,9271.16,10.38,0,Vigilancia
EC-000651,Microcrédito,Manabí,1131.7,0.6067,130,0,6793.46,756,0.002,0.4742,5061.52,4.8,0,Normal
EC-000652,Vivienda,Loja,1917.65,0.194,92,0,40846.62,856,0.002,0.25,38958.56,19.48,0,Normal
EC-000653,Productivo,Chimborazo,2644.6,0.079,66,0,9200.82,896,0.002,0.3858,9116.1,7.03,0,Normal
EC-000654,Consumo,Loja,1601.05,0.5817,158,5,4091.74,754,0.002,0.6315,3185.91,4.02,0,Vigilancia
EC-000655,Vivienda,Loja,3165.51,0.3173,117,0,26147.95,858,0.002,0.25,23459.4,11.73,0,Normal
EC-000656,Microcrédito,Loja,1511.8,0.3623,110,45,1336.3,787,0.002,0.62,1262.19,1.57,0,Deficiente
EC-000657,Vivienda,Loja,3305.17,0.0954,27,5,48376.76,856,0.002,0.25,42341.01,21.17,0,Vigilancia
EC-000658,Consumo,Pichincha,2943.76,0.3952,91,0,7859.25,807,0.002,0.3792,7717.17,5.85,0,Normal
EC-000659,Productivo,Tungurahua,2122.61,0.2312,127,0,15707.7,816,0.002,0.3985,13560.81,10.81,0,Normal
EC-000660,Microcrédito,Pichincha,1657.56,0.2781,167,0,1969.81,787,0.002,0.4993,1567.48,1.57,0,Normal
EC-000661,Consumo,Azuay,2436.95,0.6522,109,5,2741.85,776,0.002,0.449,2336.19,2.1,0,Vigilancia
EC-000662,Vivienda,Azuay,3157.91,0.2282,31,0,89715.76,845,0.002,0.25,76850.75,38.43,0,Normal
EC-000663,Consumo,Azuay,8435.21,0.3714,123,15,13979.31,820,0.002,0.4136,11058.18,9.15,0,Vigilancia
EC-000664,Consumo,Imbabura,4066.85,0.3684,14,0,1649.13,770,0.002,0.4876,1550.76,1.51,0,Normal
EC-000665,Microcrédito,El Oro,4164.67,0.5328,57,0,2445.74,818,0.002,0.436,2183.97,1.9,0,Normal
EC-000666,Productivo,Chimborazo,16440.99,0.1436,166,30,12505.95,827,0.002,0.392,10301.19,8.08,0,Vigilancia
EC-000667,Vivienda,Loja,3088.29,0.2657,145,0,28596.91,803,0.002,0.25,23966.03,11.98,0,Normal
EC-000668,Comercial,Chimborazo,3026.06,0.0797,163,0,10462.14,853,0.002,0.6338,8621.6,10.93,0,Normal
EC-000669,Consumo,Pichincha,3489.84,0.2555,64,15,5245.92,859,0.002,0.5861,4434.96,5.2,0,Vigilancia
EC-000670,Microcrédito,El Oro,1146.16,0.2957,123,30,2826.03,735,0.002,0.6517,2452.62,3.2,0,Vigilancia
EC-000671,Consumo,Imbabura,1654.85,0.3514,127,0,3047.95,779,0.002,0.4837,2476.95,2.4,0,Normal
EC-000672,Productivo,El Oro,1589.21,0.2688,45,0,3058.91,900,0.002,0.4293,2903.16,2.49,0,Normal
EC-000673,Comercial,Chimborazo,3364.21,0.2992,170,0,39241.64,857,0.002,0.3587,38454.56,27.59,0,Normal
EC-000674,Productivo,Loja,1971.97,0.4935,175,5,9758.17,742,0.002,0.5134,8454.32,8.68,0,Vigilancia
EC-000675,Productivo,Pichincha,2415.94,0.2147,20,0,37910.24,784,0.002,0.3631,34846.39,25.31,0,Normal
EC-000676,Microcrédito,Imbabura,4477.61,0.1034,138,15,2683.53,793,0.002,0.3514,2631.34,1.85,0,Vigilancia
EC-000677,Comercial,Pichincha,3870.15,0.1913,81,30,12084.24,806,0.002,0.5496,9350.1,10.28,0,Vigilancia
EC-000678,Microcrédito,Imbabura,1987.99,0.3414,122,120,2389.31,673,0.01127,0.4044,1847.23,8.42,0,Pérdida
EC-000679,Consumo,Imbabura,1428.68,0.1964,100,0,9370.44,889,0.002,0.5347,6937.23,7.42,0,Normal
EC-000680,Microcrédito,Los Ríos,4618.98,0.3131,41,0,9500.44,743,0.002,0.5393,8016.37,8.65,0,Normal
EC-000681,Consumo,Manabí,3652.0,0.2505,18,0,640.98,771,0.002,0.5889,520.94,0.61,0,Normal
EC-000682,Consumo,Los Ríos,777.38,0.5153,93,0,6355.02,751,0.002,0.4764,5573.04,5.31,0,Normal
EC-000683,Consumo,Guayas,1801.64,0.3087,151,0,2761.52,900,0.002,0.5827,2337.07,2.72,0,Normal
EC-000684,Microcrédito,Manabí,2459.18,0.4097,149,60,2902.03,745,0.002,0.4708,2244.01,2.11,0,Deficiente
EC-000685,Productivo,Guayas,3663.74,0.5804,50,0,11396.58,761,0.002,0.3823,9453.81,7.23,0,Normal
EC-000686,Microcrédito,Imbabura,3990.08,0.1424,155,0,6125.82,819,0.002,0.4523,4460.15,4.03,0,Normal
EC-000687,Microcrédito,Imbabura,2655.9,0.2852,65,0,1849.18,741,0.002,0.3525,1609.65,1.13,0,Normal
EC-000688,Comercial,Los Ríos,3230.56,0.3349,102,180,34198.1,652,0.03842,0.5026,27218.16,525.62,0,Pérdida
EC-000689,Vivienda,Imbabura,2302.36,0.3273,59,0,39882.19,799,0.002,0.25,29969.89,14.98,0,Normal
EC-000690,Microcrédito,Loja,1425.1,0.3369,95,30,1688.51,752,0.002,0.609,1246.87,1.52,0,Vigilancia
EC-000691,Consumo,Pichincha,1863.44,0.1023,96,45,12746.88,785,0.002,0.4266,11727.71,10.01,0,Deficiente
EC-000692,Vivienda,Chimborazo,2235.78,0.2097,126,0,32330.14,814,0.002,0.25,25516.74,12.76,0,Normal
EC-000693,Consumo,Manabí,2159.13,0.4154,85,5,2125.87,746,0.002,0.4112,1922.77,1.58,0,Vigilancia
EC-000694,Microcrédito,Pichincha,648.32,0.1393,96,0,1499.35,889,0.002,0.6746,1421.89,1.92,0,Normal
EC-000695,Comercial,Chimborazo,1705.54,0.4593,118,0,50681.58,749,0.002,0.453,43585.96,39.49,0,Normal
EC-000696,Microcrédito,Chimborazo,2290.52,0.427,76,0,1595.31,773,0.002,0.4917,1208.06,1.19,0,Normal
EC-000697,Vivienda,Manabí,1839.24,0.2408,95,0,39764.22,826,0.002,0.25,35472.6,17.74,0,Normal
EC-000698,Productivo,Imbabura,1881.01,0.3186,16,15,48320.17,799,0.002,0.6105,35759.34,43.66,0,Vigilancia
EC-000699,Productivo,Pichincha,3032.66,0.2741,157,45,24102.77,738,0.002,0.498,22868.72,22.78,0,Deficiente
EC-000700,Consumo,Pichincha,1095.18,0.337,23,0,3763.9,821,0.002,0.3788,3512.59,2.66,0,Normal
EC-000701,Consumo,Azuay,766.45,0.1335,158,5,4610.23,820,0.002,0.5061,3838.4,3.89,0,Vigilancia
EC-000702,Microcrédito,Tungurahua,1761.09,0.3481,137,0,2311.69,801,0.002,0.5854,1838.6,2.15,0,Normal
EC-000703,Consumo,Guayas,3628.86,0.4649,171,0,9865.67,844,0.002,0.5061,9063.34,9.17,0,Normal
EC-000704,Vivienda,Pichincha,6613.77,0.3359,5,15,16181.79,747,0.002,0.25,14220.86,7.11,0,Vigilancia
EC-000705,Consumo,Tungurahua,3671.6,0.2784,40,0,7547.56,840,0.002,0.6376,5740.87,7.32,0,Normal
EC-000706,Microcrédito,Imbabura,850.33,0.3265,10,30,1557.69,779,0.002,0.5199,1452.66,1.51,0,Vigilancia
EC-000707,Vivienda,Imbabura,1898.77,0.3052,76,0,24814.14,820,0.002,0.25,20186.63,10.09,0,Normal
EC-000708,Vivienda,Imbabura,2609.23,0.5427,163,45,92155.74,701,0.00316,0.25,89416.63,70.75,0,Deficiente
EC-000709,Microcrédito,Los Ríos,2478.56,0.3107,138,0,1484.85,893,0.002,0.4715,1413.95,1.33,0,Normal
EC-000710,Microcrédito,Tungurahua,3135.51,0.3125,127,0,3153.03,820,0.002,0.6046,2513.68,3.04,0,Normal
EC-000711,Comercial,El Oro,1216.73,0.4552,153,30,3381.41,745,0.002,0.5169,2676.28,2.77,0,Vigilancia
EC-000712,Productivo,Los Ríos,2303.56,0.1807,1,0,24230.94,814,0.002,0.5279,20145.82,21.27,0,Normal
EC-000713,Vivienda,Loja,2902.16,0.2367,142,0,20159.95,842,0.002,0.25,19056.3,9.53,0,Normal
EC-000714,Comercial,Pichincha,3777.0,0.2494,57,60,18652.7,778,0.002,0.6152,14112.32,17.36,0,Deficiente
EC-000715,Vivienda,Imbabura,1308.04,0.582,125,0,53722.06,740,0.002,0.25,43433.98,21.72,0,Normal
EC-000716,Consumo,Azuay,1764.54,0.3406,138,0,7408.31,734,0.002,0.4554,6701.19,6.1,0,Normal
EC-000717,Microcrédito,Chimborazo,450.0,0.2645,124,0,2459.0,830,0.002,0.5618,1793.54,2.02,0,Normal
EC-000718,Consumo,Manabí,1474.46,0.2283,76,5,1386.98,780,0.002,0.5574,1020.34,1.14,0,Vigilancia
EC-000719,Productivo,Los Ríos,1570.47,0.2292,111,5,7231.06,850,0.002,0.6429,6749.53,8.68,0,Vigilancia
EC-000720,Comercial,Pichincha,1138.28,0.1515,85,45,14771.97,780,0.002,0.4976,12796.31,12.73,0,Deficiente
EC-000721,Microcrédito,Tungurahua,2459.34,0.3388,114,0,2193.24,844,0.002,0.4128,1921.56,1.59,0,Normal
EC-000722,Microcrédito,Manabí,2129.49,0.312,83,0,4564.86,777,0.002,0.417,3604.79,3.01,0,Normal
EC-000723,Consumo,Manabí,508.52,0.1043,71,0,3636.5,822,0.002,0.3669,3159.75,2.32,0,Normal
EC-000724,Comercial,Azuay,2540.41,0.575,37,0,24979.07,731,0.002,0.3832,21796.78,16.71,0,Normal
EC-000725,Consumo,Chimborazo,1207.84,0.252,70,30,6184.33,723,0.002,0.4494,5169.21,4.65,0,Vigilancia
EC-000726,Consumo,Loja,3028.12,0.4462,130,0,11628.37,828,0.002,0.3838,11512.53,8.84,0,Normal
EC-000727,Consumo,Los Ríos,959.87,0.2479,157,5,5178.7,760,0.002,0.6375,3800.1,4.84,0,Vigilancia
EC-000728,Consumo,Manabí,2251.84,0.4071,19,5,5378.86,809,0.002,0.4695,4497.7,4.22,0,Vigilancia
EC-000729,Microcrédito,Pichincha,1837.1,0.0803,33,30,5869.31,827,0.002,0.4716,5635.1,5.31,0,Vigilancia
EC-000730,Microcrédito,Los Ríos,2689.25,0.4187,92,0,4178.76,782,0.002,0.6,3250.06,3.9,0,Normal
EC-000731,Consumo,Guayas,2394.8,0.4486,127,0,14819.04,798,0.002,0.4494,14549.32,13.08,0,Normal
EC-000732,Consumo,Azuay,1870.84,0.1991,31,90,3544.68,715,0.00314,0.586,2974.47,5.48,0,Dudoso
EC-000733,Consumo,Los Ríos,813.56,0.1588,59,5,7488.85,810,0.002,0.6214,5720.34,7.11,0,Vigilancia
EC-000734,Microcrédito,Los Ríos,845.4,0.276,9,0,2204.8,806,0.002,0.4689,1644.93,1.54,0,Normal
EC-000735,Consumo,Chimborazo,1510.92,0.3439,10,30,1282.57,771,0.002,0.5077,1040.91,1.06,0,Vigilancia
EC-000736,Productivo,Manabí,2196.49,0.2412,26,90,3557.01,662,0.00605,0.4563,3477.05,9.6,0,Dudoso
EC-000737,Consumo,Imbabura,1487.18,0.0755,132,0,6252.67,879,0.002,0.4896,6146.04,6.02,0,Normal
EC-000738,Consumo,Loja,3315.58,0.2266,157,90,4575.48,627,0.00823,0.5416,4015.96,17.91,0,Dudoso
EC-000739,Microcrédito,Imbabura,1841.81,0.2647,90,0,6498.18,753,0.002,0.4654,4893.74,4.55,0,Normal
EC-000740,Microcrédito,El Oro,1179.38,0.3065,32,180,3131.31,654,0.03806,0.5032,2654.87,50.85,0,Pérdida
EC-000741,Consumo,Pichincha,1843.16,0.3675,166,0,5843.61,788,0.002,0.5138,4890.94,5.03,0,Normal
EC-000742,Consumo,Manabí,2557.56,0.4473,51,0,2758.09,745,0.002,0.3581,2164.27,1.55,0,Normal
EC-000743,Vivienda,Manabí,2727.59,0.655,28,0,77886.46,722,0.002,0.25,57736.38,28.87,0,Normal
EC-000744,Consumo,Azuay,7487.17,0.3296,25,45,4171.15,733,0.002,0.5287,3448.88,3.65,0,Deficiente
EC-000745,Microcrédito,Loja,1429.68,0.4631,64,180,3281.23,571,0.11756,0.3509,2704.13,111.54,0,Pérdida
EC-000746,Microcrédito,El Oro,2105.35,0.1712,133,0,1493.74,791,0.002,0.5824,1369.93,1.6,0,Normal
EC-000747,Microcrédito,Pichincha,2913.12,0.1377,72,0,1731.47,782,0.002,0.6488,1437.78,1.87,0,Normal
EC-000748,Microcrédito,Guayas,2174.98,0.5371,81,0,2155.83,784,0.002,0.599,1560.12,1.87,0,Normal
EC-000749,Vivienda,Imbabura,1594.95,0.1781,62,0,77436.83,819,0.002,0.25,56188.57,28.09,0,Normal
EC-000750,Vivienda,Loja,806.72,0.4265,170,30,68840.69,774,0.002,0.25,62817.43,31.41,0,Vigilancia
EC-000751,Consumo,Tungurahua,1584.39,0.0413,124,0,5120.72,861,0.002,0.5647,4634.36,5.23,0,Normal
EC-000752,Microcrédito,El Oro,1098.93,0.5418,120,120,4385.56,607,0.03467,0.5745,3354.51,66.82,0,Pérdida
EC-000753,Consumo,El Oro,718.89,0.0958,79,90,2145.86,722,0.00246,0.6726,2065.48,3.41,0,Dudoso
EC-000754,Microcrédito,Manabí,1316.6,0.4976,96,0,3945.83,766,0.002,0.5127,3573.08,3.66,0,Normal
EC-000755,Productivo,Manabí,1118.1,0.2952,160,0,7277.55,817,0.002,0.4323,5553.75,4.8,0,Normal
EC-000756,Consumo,Los Ríos,3227.49,0.4331,119,180,4253.79,615,0.06776,0.4695,3405.3,108.33,0,Pérdida
EC-000757,Microcrédito,Chimborazo,3264.0,0.3175,147,60,1322.3,695,0.00273,0.6544,1312.55,2.35,0,Deficiente
EC-000758,Comercial,Azuay,1227.19,0.3661,8,15,26286.24,785,0.002,0.5588,21927.17,24.51,0,Vigilancia
EC-000759,Consumo,Tungurahua,1864.69,0.2345,155,0,4354.72,889,0.002,0.6352,3424.1,4.35,0,Normal
EC-000760,Microcrédito,Chimborazo,659.94,0.4165,172,0,6765.86,839,0.002,0.5889,5864.35,6.91,0,Normal
EC-000761,Productivo,Pichincha,1601.47,0.6294,121,45,22573.53,661,0.00604,0.6686,17552.15,70.9,0,Deficiente
EC-000762,Consumo,Imbabura,2862.18,0.4432,173,0,6672.58,764,0.002,0.5154,6283.44,6.48,0,Normal
EC-000763,Consumo,Manabí,3775.2,0.2101,103,15,7951.01,803,0.002,0.6635,7493.07,9.94,0,Vigilancia
EC-000764,Consumo,Chimborazo,1389.25,0.444,50,30,2772.74,723,0.002,0.6423,2618.12,3.36,0,Vigilancia
EC-000765,Comercial,El Oro,4375.19,0.1694,110,0,14350.36,853,0.002,0.6282,12812.51,16.1,0,Normal
EC-000766,Consumo,Los Ríos,824.52,0.1637,114,0,9274.18,805,0.002,0.6599,8479.69,11.19,0,Normal
EC-000767,Consumo,Guayas,981.46,0.284,27,0,4726.79,747,0.002,0.5234,3828.66,4.01,0,Normal
EC-000768,Consumo,Guayas,3502.67,0.2754,37,60,1819.51,736,0.002,0.5951,1757.8,2.09,0,Deficiente
EC-000769,Consumo,Chimborazo,6543.51,0.317,53,0,10986.96,691,0.002,0.5333,8354.11,8.91,0,Normal
EC-000770,Productivo,El Oro,3043.4,0.349,99,0,35744.82,804,0.002,0.6062,28283.32,34.29,0,Normal
EC-000771,Consumo,El Oro,2151.19,0.4783,27,120,9989.52,567,0.04563,0.602,9969.07,273.84,0,Pérdida
EC-000772,Microcrédito,Guayas,530.13,0.318,139,15,2863.0,808,0.002,0.6003,2831.25,3.4,0,Vigilancia
EC-000773,Productivo,Azuay,593.13,0.4819,20,0,12781.43,783,0.002,0.4914,11019.3,10.83,0,Normal
EC-000774,Vivienda,Los Ríos,2402.14,0.6424,170,45,44404.02,718,0.0032,0.25,38176.36,30.53,0,Deficiente
EC-000775,Consumo,Loja,1749.8,0.4866,122,0,4644.11,762,0.002,0.6392,3495.67,4.47,0,Normal
EC-000776,Vivienda,El Oro,1076.22,0.3831,62,180,72304.47,581,0.09329,0.25,65414.0,1525.69,1,Pérdida
EC-000777,Productivo,Loja,2304.45,0.3089,68,60,39573.67,699,0.00267,0.5,28836.9,38.49,0,Deficiente
EC-000778,Consumo,Azuay,2379.95,0.5731,125,0,13228.41,768,0.002,0.6316,10688.78,13.5,0,Normal
EC-000779,Vivienda,Guayas,4080.07,0.3112,16,0,26291.39,747,0.002,0.25,22009.82,11.0,0,Normal
EC-000780,Vivienda,Chimborazo,2413.4,0.3948,129,0,20619.36,847,0.002,0.25,20007.29,10.0,0,Normal
EC-000781,Consumo,Chimborazo,4907.19,0.4908,100,15,8987.9,748,0.002,0.5414,8908.51,9.65,0,Vigilancia
EC-000782,Comercial,Guayas,2219.85,0.2483,40,5,74708.05,828,0.002,0.5763,74164.14,85.48,0,Vigilancia
EC-000783,Microcrédito,Loja,2048.85,0.0954,162,0,7174.26,804,0.002,0.5771,6770.16,7.81,0,Normal
EC-000784,Productivo,El Oro,4410.76,0.3271,114,120,11433.96,625,0.01691,0.4526,9160.88,70.12,0,Pérdida
EC-000785,Comercial,Loja,1169.13,0.4031,30,0,20455.97,707,0.002,0.4466,14988.05,13.39,0,Normal
EC-000786,Microcrédito,Imbabura,13758.21,0.3079,118,30,20988.63,831,0.002,0.6428,17613.09,22.64,0,Vigilancia
EC-000787,Vivienda,Azuay,2818.38,0.7008,75,15,32411.82,696,0.00265,0.25,26035.47,17.23,0,Vigilancia
EC-000788,Consumo,Pichincha,2828.61,0.3454,138,0,1854.51,832,0.002,0.4827,1675.46,1.62,0,Normal
EC-000789,Vivienda,Loja,3106.69,0.4658,89,0,11684.55,782,0.002,0.25,9626.86,4.81,0,Normal
EC-000790,Productivo,El Oro,7481.13,0.3987,180,15,5794.17,805,0.002,0.5053,5616.93,5.68,0,Vigilancia
EC-000791,Consumo,Guayas,3696.46,0.1048,167,15,2886.55,838,0.002,0.4052,2380.62,1.93,0,Vigilancia
EC-000792,Microcrédito,Los Ríos,777.99,0.1047,8,0,3356.5,827,0.002,0.5919,2771.93,3.28,0,Normal
EC-000793,Consumo,Pichincha,5498.64,0.5824,74,45,11722.58,692,0.00342,0.3651,10931.93,13.65,0,Deficiente
EC-000794,Consumo,Pichincha,1769.44,0.352,37,0,13793.07,805,0.002,0.3876,12209.73,9.46,0,Normal
EC-000795,Consumo,El Oro,2367.64,0.297,82,0,8733.17,829,0.002,0.6605,6912.14,9.13,0,Normal
EC-000796,Microcrédito,El Oro,961.49,0.2983,27,45,3735.76,833,0.002,0.5208,3397.57,3.54,0,Deficiente
EC-000797,Consumo,Azuay,3108.92,0.2383,97,0,1671.42,892,0.002,0.4379,1466.9,1.28,0,Normal
EC-000798,Consumo,Azuay,1446.07,0.5417,28,5,12990.08,674,0.00214,0.5085,9731.35,10.6,0,Vigilancia
EC-000799,Productivo,Pichincha,2356.92,0.5104,113,5,11842.9,759,0.002,0.5408,10076.34,10.9,1,Vigilancia
EC-000800,Productivo,Tungurahua,1835.98,0.2393,82,0,4093.86,811,0.002,0.5608,4000.67,4.49,0,Normal
EC-000801,Vivienda,Loja,7717.6,0.3849,179,0,24470.85,857,0.002,0.25,19070.18,9.54,0,Normal
EC-000802,Consumo,Guayas,8010.19,0.5502,159,0,4677.11,764,0.002,0.4778,3910.5,3.74,0,Normal
EC-000803,Vivienda,Loja,2276.13,0.3485,109,0,25318.74,823,0.002,0.25,20185.77,10.09,0,Normal
EC-000804,Productivo,Chimborazo,2302.12,0.1434,81,15,12901.6,747,0.002,0.5568,11228.74,12.5,0,Vigilancia
EC-000805,Consumo,Azuay,1732.4,0.3613,129,0,4308.88,750,0.002,0.654,4278.85,5.6,0,Normal
EC-000806,Consumo,Los Ríos,4531.93,0.2257,121,120,12415.45,755,0.00332,0.4795,10016.28,15.96,0,Pérdida
EC-000807,Productivo,Azuay,1783.27,0.5629,26,0,15492.01,742,0.002,0.6386,14766.89,18.86,0,Normal
EC-000808,Consumo,Guayas,1679.3,0.5639,68,0,5438.06,712,0.002,0.6778,5191.84,7.04,0,Normal
EC-000809,Microcrédito,Azuay,4171.73,0.477,179,90,1821.78,672,0.00803,0.4619,1444.01,5.35,1,Dudoso
EC-000810,Comercial,Loja,1556.36,0.3595,58,0,18075.39,754,0.002,0.359,16924.53,12.15,0,Normal
EC-000811,Consumo,Guayas,2154.81,0.2873,3,5,1319.93,785,0.002,0.5494,1315.54,1.45,0,Vigilancia
EC-000812,Consumo,El Oro,790.09,0.6576,151,15,6558.59,656,0.00404,0.6482,6474.15,16.94,0,Vigilancia
EC-000813,Comercial,Loja,3490.23,0.081,168,60,58587.73,766,0.002,0.3676,52120.07,38.32,0,Deficiente
EC-000814,Productivo,Imbabura,7797.54,0.2309,118,0,6639.59,833,0.002,0.4151,5062.6,4.2,0,Normal
EC-000815,Consumo,Manabí,3529.09,0.3239,115,0,9255.38,857,0.002,0.5731,6973.15,7.99,0,Normal
EC-000816,Vivienda,Manabí,5711.11,0.4137,64,180,45154.32,647,0.04309,0.25,35884.58,386.52,0,Pérdida
EC-000817,Vivienda,Manabí,1274.15,0.3058,65,0,43035.9,825,0.002,0.25,38231.7,19.12,0,Normal
EC-000818,Microcrédito,Guayas,2575.02,0.3804,165,15,10220.19,781,0.002,0.47,8463.78,7.96,0,Vigilancia
EC-000819,Productivo,Imbabura,1196.25,0.1173,155,5,12462.17,878,0.002,0.4288,11411.93,9.79,0,Vigilancia
EC-000820,Consumo,Guayas,1904.46,0.3236,90,0,8647.07,777,0.002,0.6684,8133.24,10.87,0,Normal
EC-000821,Consumo,Imbabura,3648.01,0.6679,57,30,1354.89,663,0.00454,0.5752,1043.97,2.73,0,Vigilancia
EC-000822,Productivo,Chimborazo,2359.45,0.6351,34,180,100249.4,580,0.14159,0.507,97591.02,7005.06,0,Pérdida
EC-000823,Consumo,Imbabura,881.64,0.3875,2,0,5056.85,759,0.002,0.6346,3726.7,4.73,0,Normal
EC-000824,Productivo,Manabí,939.39,0.1596,87,5,5930.99,830,0.002,0.5274,4710.27,4.97,0,Vigilancia
EC-000825,Vivienda,Loja,899.86,0.2514,100,15,41148.97,792,0.002,0.25,39015.15,19.51,0,Vigilancia
EC-000826,Consumo,Los Ríos,3039.49,0.1972,122,0,4667.04,890,0.002,0.4288,3600.36,3.09,0,Normal
EC-000827,Productivo,Azuay,8446.7,0.3494,145,60,21700.94,786,0.002,0.359,16962.29,12.18,0,Deficiente
EC-000828,Consumo,Manabí,5353.99,0.2203,67,0,7073.41,815,0.002,0.4915,7025.2,6.91,0,Normal
EC-000829,Vivienda,Imbabura,643.94,0.13,31,0,39289.77,769,0.002,0.25,38325.67,19.16,0,Normal
EC-000830,Consumo,Chimborazo,5561.92,0.3383,152,60,5941.46,714,0.00214,0.6258,5629.96,7.55,0,Deficiente
EC-000831,Productivo,Chimborazo,4058.87,0.6217,138,120,15814.58,558,0.06122,0.5259,12156.1,391.34,0,Pérdida
EC-000832,Microcrédito,Pichincha,808.8,0.1391,96,0,2293.14,871,0.002,0.4453,1814.88,1.62,0,Normal
EC-000833,Microcrédito,Los Ríos,1813.33,0.494,8,30,5934.21,745,0.002,0.6053,4663.38,5.65,0,Vigilancia
EC-000834,Productivo,Guayas,4501.16,0.3613,85,0,58798.91,770,0.002,0.5239,45448.9,47.62,0,Normal
EC-000835,Productivo,El Oro,3158.28,0.6191,112,0,43954.73,722,0.002,0.5159,43591.01,44.98,0,Normal
EC-000836,Microcrédito,Chimborazo,943.02,0.1319,155,0,2450.36,798,0.002,0.4097,1878.17,1.54,0,Normal
EC-000837,Vivienda,Tungurahua,3284.54,0.3041,92,60,70169.1,741,0.002,0.25,65192.69,32.6,0,Deficiente
EC-000838,Comercial,Chimborazo,550.39,0.5457,84,0,36823.12,741,0.002,0.5675,27038.63,30.69,0,Normal
EC-000839,Microcrédito,Loja,1910.59,0.4504,69,0,5987.68,802,0.002,0.6321,5222.85,6.6,0,Normal
EC-000840,Microcrédito,Loja,4627.04,0.3859,75,30,3188.33,776,0.002,0.6007,2358.85,2.83,0,Vigilancia
EC-000841,Consumo,Loja,2234.91,0.2524,3,0,2495.58,831,0.002,0.516,1839.97,1.9,0,Normal
EC-000842,Vivienda,Loja,1596.69,0.6453,19,0,30951.83,665,0.00266,0.25,24280.63,16.13,0,Normal
EC-000843,Microcrédito,Tungurahua,3936.61,0.397,137,0,3762.0,781,0.002,0.57,3683.63,4.2,0,Normal
EC-000844,Microcrédito,Manabí,4161.32,0.4893,66,45,2298.14,745,0.002,0.3832,2065.74,1.58,0,Deficiente
EC-000845,Consumo,Imbabura,5174.64,0.5586,154,5,6603.95,743,0.002,0.6673,5959.35,7.95,0,Vigilancia
EC-000846,Vivienda,Manabí,3898.4,0.4068,72,30,18489.6,695,0.002,0.25,14853.5,7.43,0,Vigilancia
EC-000847,Microcrédito,Loja,4459.95,0.5457,180,0,2467.89,798,0.002,0.4712,2276.91,2.15,0,Normal
EC-000848,Productivo,Guayas,3556.0,0.326,33,0,3649.09,783,0.002,0.532,3323.72,3.54,0,Normal
EC-000849,Consumo,El Oro,2624.36,0.5472,34,45,10261.33,725,0.00243,0.5159,8714.66,10.93,0,Deficiente
EC-000850,Comercial,Los Ríos,2340.64,0.084,106,0,9669.72,867,0.002,0.5662,8810.37,9.98,0,Normal
EC-000851,Consumo,Los Ríos,1892.74,0.6242,145,0,18904.45,734,0.002,0.6085,18201.17,22.15,0,Normal
EC-000852,Consumo,Azuay,1004.21,0.1343,26,0,4323.16,881,0.002,0.6,4275.21,5.13,0,Normal
EC-000853,Vivienda,Manabí,1186.84,0.3094,91,0,50355.65,760,0.002,0.25,50307.63,25.15,0,Normal
EC-000854,Comercial,Imbabura,1838.47,0.7238,41,0,35534.76,756,0.002,0.5051,30443.6,30.75,0,Normal
EC-000855,Consumo,Tungurahua,2583.61,0.1964,133,120,1640.81,661,0.00943,0.5263,1196.43,5.94,0,Pérdida
EC-000856,Microcrédito,Pichincha,5633.74,0.6052,101,0,5754.39,761,0.002,0.6384,4512.42,5.76,0,Normal
EC-000857,Vivienda,El Oro,2149.16,0.2582,118,5,37935.92,828,0.002,0.25,29404.8,14.7,0,Vigilancia
EC-000858,Vivienda,Pichincha,4239.75,0.1958,49,0,26036.37,822,0.002,0.25,20937.17,10.47,0,Normal
EC-000859,Microcrédito,Guayas,4453.99,0.3407,52,5,633.49,772,0.002,0.353,520.06,0.37,0,Vigilancia
EC-000860,Microcrédito,Tungurahua,1899.91,0.3621,116,0,7438.58,790,0.002,0.5937,6748.5,8.01,0,Normal
EC-000861,Vivienda,Guayas,3250.45,0.3354,64,90,77612.85,648,0.00813,0.25,67305.31,136.85,0,Dudoso
EC-000862,Vivienda,Loja,1885.04,0.7254,125,0,40274.72,789,0.002,0.25,36324.92,18.16,0,Normal
EC-000863,Vivienda,El Oro,5215.49,0.0887,28,30,37477.53,803,0.002,0.25,37182.03,18.59,0,Vigilancia
EC-000864,Microcrédito,Tungurahua,3338.57,0.2956,55,0,3678.14,854,0.002,0.364,2698.8,1.96,0,Normal
EC-000865,Consumo,Manabí,1018.6,0.1464,19,5,1816.26,858,0.002,0.511,1315.03,1.34,0,Vigilancia
EC-000866,Comercial,Pichincha,2452.81,0.505,16,90,16505.36,646,0.01199,0.4138,14959.5,74.23,0,Dudoso
EC-000867,Vivienda,Imbabura,6446.37,0.1745,48,5,54916.73,835,0.002,0.25,47939.62,23.97,0,Vigilancia
EC-000868,Vivienda,Chimborazo,1962.94,0.386,89,15,10393.11,780,0.002,0.25,8887.87,4.44,0,Vigilancia
EC-000869,Consumo,Los Ríos,2954.29,0.4922,26,60,4848.68,700,0.00371,0.6064,4649.55,10.45,0,Deficiente
EC-000870,Consumo,Imbabura,3148.94,0.2258,17,90,4942.46,704,0.00358,0.631,3778.44,8.53,0,Dudoso
EC-000871,Vivienda,Manabí,1125.74,0.5043,158,0,52867.73,711,0.002,0.25,46556.04,23.28,0,Normal
EC-000872,Consumo,Los Ríos,3077.77,0.1866,93,0,12156.47,780,0.002,0.5945,11924.76,14.18,0,Normal
EC-000873,Comercial,Manabí,892.48,0.1011,129,0,26280.61,900,0.002,0.5372,22202.88,23.86,0,Normal
EC-000874,Microcrédito,Guayas,1470.48,0.1242,131,180,2129.3,602,0.04599,0.6173,1878.84,53.34,0,Pérdida
EC-000875,Productivo,Los Ríos,4443.6,0.1738,19,0,7794.12,844,0.002,0.5361,5764.53,6.18,0,Normal
EC-000876,Vivienda,Loja,2784.69,0.3692,112,0,26483.48,796,0.002,0.25,21657.43,10.83,0,Normal
EC-000877,Microcrédito,Chimborazo,1811.82,0.5369,155,0,4307.34,769,0.002,0.3607,3151.21,2.27,0,Normal
EC-000878,Consumo,Loja,2951.89,0.2074,81,0,7092.27,797,0.002,0.5622,6243.08,7.02,0,Normal
EC-000879,Productivo,Los Ríos,2123.75,0.5143,156,0,19626.77,782,0.002,0.6462,17376.22,22.46,0,Normal
EC-000880,Productivo,El Oro,2226.48,0.0739,171,0,34711.58,879,0.002,0.5787,34233.79,39.62,0,Normal
EC-000881,Microcrédito,Manabí,3384.4,0.4796,99,0,6742.21,875,0.002,0.4834,6059.59,5.86,0,Normal
EC-000882,Productivo,Azuay,1376.38,0.2251,19,30,16209.84,778,0.002,0.5536,11684.62,12.94,0,Vigilancia
EC-000883,Comercial,Los Ríos,2267.01,0.2553,112,0,34880.04,876,0.002,0.6183,33251.34,41.12,0,Normal
EC-000884,Microcrédito,Pichincha,1802.67,0.3122,159,0,8543.68,762,0.002,0.6022,6940.06,8.36,0,Normal
EC-000885,Consumo,Manabí,787.89,0.3578,105,0,5227.5,829,0.002,0.5121,4809.28,4.93,0,Normal
EC-000886,Microcrédito,Loja,1214.03,0.3618,145,0,2973.28,807,0.002,0.4694,2360.57,2.22,0,Normal
EC-000887,Microcrédito,El Oro,6120.1,0.1717,97,0,2020.91,865,0.002,0.481,1885.23,1.81,0,Normal
EC-000888,Consumo,Azuay,2835.77,0.339,76,0,26739.34,815,0.002,0.6496,26196.46,34.03,0,Normal
EC-000889,Consumo,Tungurahua,934.18,0.1874,171,0,5076.63,897,0.002,0.4061,3767.92,3.06,0,Normal
EC-000890,Productivo,Loja,811.41,0.1065,28,15,12914.46,826,0.002,0.6348,11266.85,14.3,0,Vigilancia
EC-000891,Microcrédito,Guayas,2053.07,0.3395,81,0,5716.45,775,0.002,0.4144,4980.82,4.13,0,Normal
EC-000892,Comercial,Guayas,6092.24,0.3205,29,0,49312.14,787,0.002,0.6737,39459.7,53.17,0,Normal
EC-000893,Consumo,Tungurahua,1955.9,0.0992,118,0,3109.49,893,0.002,0.498,2536.32,2.53,0,Normal
EC-000894,Consumo,Azuay,5164.43,0.1949,166,0,6609.88,868,0.002,0.592,6010.53,7.12,0,Normal
EC-000895,Vivienda,Loja,2775.97,0.0841,180,0,38374.6,818,0.002,0.25,30773.78,15.39,0,Normal
EC-000896,Vivienda,Tungurahua,2999.84,0.585,43,0,16012.81,761,0.002,0.25,11666.54,5.83,0,Normal
EC-000897,Consumo,Loja,926.84,0.1326,131,0,4219.12,812,0.002,0.6105,3946.45,4.82,0,Normal
EC-000898,Consumo,Loja,4061.83,0.3096,158,0,2942.41,839,0.002,0.3629,2633.62,1.91,0,Normal
EC-000899,Consumo,Azuay,1776.31,0.2988,151,60,4119.41,709,0.0024,0.4402,3254.86,3.44,0,Deficiente
EC-000900,Microcrédito,Loja,3870.0,0.5669,91,0,4158.45,749,0.002,0.4258,4113.67,3.5,0,Normal
EC-000901,Microcrédito,Tungurahua,1300.87,0.06,32,0,4914.98,835,0.002,0.5805,4775.2,5.54,0,Normal
EC-000902,Consumo,El Oro,2477.69,0.6282,84,0,2126.53,792,0.002,0.5755,2105.32,2.42,0,Normal
EC-000903,Consumo,Chimborazo,2776.1,0.4935,140,0,10016.6,791,0.002,0.448,8648.59,7.75,0,Normal
EC-000904,Microcrédito,Imbabura,1997.95,0.3659,112,30,5899.44,806,0.002,0.6119,4636.06,5.67,0,Vigilancia
EC-000905,Comercial,Pichincha,2872.55,0.3827,70,0,11308.09,896,0.002,0.4528,8692.21,7.87,0,Normal
EC-000906,Productivo,Loja,1857.23,0.3529,39,0,9687.51,793,0.002,0.4632,9547.88,8.84,0,Normal
EC-000907,Microcrédito,Azuay,1448.25,0.1355,118,120,3836.24,743,0.00351,0.4816,3718.98,6.3,0,Pérdida
EC-000908,Consumo,El Oro,6270.2,0.3271,78,0,16392.4,792,0.002,0.5957,15203.33,18.11,0,Normal
EC-000909,Consumo,Azuay,4366.95,0.435,85,0,2868.04,833,0.002,0.3539,2474.96,1.75,0,Normal
EC-000910,Consumo,Chimborazo,1346.73,0.4494,169,5,7310.13,745,0.002,0.6491,6050.11,7.85,0,Vigilancia
EC-000911,Vivienda,Azuay,3195.47,0.2821,2,180,12204.76,644,0.03781,0.25,11191.34,105.79,0,Pérdida
EC-000912,Vivienda,El Oro,1362.75,0.2728,43,0,20146.97,826,0.002,0.25,14559.57,7.28,0,Normal
EC-000913,Comercial,Guayas,1022.45,0.2427,166,15,29580.47,829,0.002,0.4283,25640.28,21.96,0,Vigilancia
EC-000914,Comercial,Chimborazo,4324.17,0.0673,166,0,10573.53,835,0.002,0.6092,9622.18,11.72,0,Normal
EC-000915,Comercial,Chimborazo,729.48,0.401,55,15,13169.24,723,0.002,0.638,12261.26,15.65,0,Vigilancia
EC-000916,Comercial,Imbabura,4033.77,0.1206,179,0,56448.11,888,0.002,0.5155,47772.19,49.25,0,Normal
EC-000917,Consumo,Loja,1873.81,0.1803,39,5,7033.3,811,0.002,0.4465,6531.4,5.83,0,Vigilancia
EC-000918,Consumo,Pichincha,1924.64,0.0518,10,0,1967.56,807,0.002,0.4756,1469.44,1.4,0,Normal
EC-000919,Consumo,Imbabura,2882.28,0.1398,56,0,11391.98,845,0.002,0.4874,8946.32,8.72,0,Normal
EC-000920,Microcrédito,Manabí,3222.07,0.2236,96,0,1776.18,832,0.002,0.451,1350.77,1.22,0,Normal
EC-000921,Consumo,Chimborazo,1290.62,0.109,2,15,17043.79,823,0.002,0.585,13893.32,16.26,0,Vigilancia
EC-000922,Vivienda,Tungurahua,3521.08,0.5556,31,30,44646.03,727,0.002,0.25,36447.86,18.22,0,Vigilancia
EC-000923,Productivo,El Oro,2377.23,0.0583,143,45,14331.19,831,0.002,0.621,11818.98,14.68,0,Deficiente
EC-000924,Microcrédito,Chimborazo,976.1,0.2228,112,180,3083.69,639,0.03819,0.503,2622.46,50.38,0,Pérdida
EC-000925,Consumo,Los Ríos,1977.49,0.1293,109,0,5740.37,841,0.002,0.5576,4834.39,5.39,0,Normal
EC-000926,Consumo,Manabí,5419.89,0.2677,179,15,4819.07,848,0.002,0.6628,4131.55,5.48,0,Vigilancia
EC-000927,Consumo,Pichincha,6566.83,0.3638,42,0,10625.27,783,0.002,0.4972,9889.23,9.83,0,Normal
EC-000928,Vivienda,Pichincha,3520.21,0.3161,162,90,69067.13,685,0.00518,0.25,52474.76,67.91,0,Dudoso
EC-000929,Productivo,Manabí,1018.69,0.4296,64,5,12835.57,713,0.002,0.5315,10502.04,11.16,0,Vigilancia
EC-000930,Vivienda,El Oro,3037.82,0.6117,167,0,38102.5,750,0.002,0.25,27435.24,13.72,0,Normal
EC-000931,Consumo,Pichincha,3839.35,0.0628,141,0,4305.76,892,0.002,0.6083,3134.18,3.81,0,Normal
EC-000932,Microcrédito,Guayas,3539.39,0.3479,39,30,4387.72,689,0.002,0.6339,3904.18,4.95,0,Vigilancia
EC-000933,Microcrédito,Imbabura,3678.35,0.6213,38,45,760.18,638,0.00709,0.5852,733.79,3.04,0,Deficiente
EC-000934,Vivienda,Imbabura,2796.49,0.1601,98,45,26574.94,740,0.002,0.25,21410.23,10.71,0,Deficiente
EC-000935,Vivienda,Pichincha,2106.81,0.2174,91,0,37509.45,860,0.002,0.25,31227.77,15.61,0,Normal
EC-000936,Consumo,El Oro,1487.07,0.2224,43,0,16322.01,753,0.002,0.4289,12711.02,10.9,0,Normal
EC-000937,Comercial,Pichincha,643.13,0.3024,47,120,37129.99,629,0.01755,0.4461,28218.2,220.98,0,Pérdida
EC-000938,Consumo,Imbabura,2753.88,0.1607,162,5,1926.99,872,0.002,0.5714,1864.45,2.13,0,Vigilancia
EC-000939,Vivienda,Los Ríos,2492.23,0.3463,136,0,36853.22,817,0.002,0.25,32437.97,16.22,0,Normal
EC-000940,Consumo,Los Ríos,3172.97,0.2858,35,5,11608.7,789,0.002,0.3792,10649.42,8.08,0,Vigilancia
EC-000941,Consumo,El Oro,925.74,0.4673,131,5,9142.13,778,0.002,0.6726,8839.8,11.89,0,Vigilancia
EC-000942,Vivienda,Tungurahua,3358.54,0.3145,28,15,53238.36,820,0.002,0.25,47102.65,23.55,0,Vigilancia
EC-000943,Consumo,Chimborazo,8395.53,0.6503,81,0,9530.97,742,0.002,0.4234,7343.42,6.22,0,Normal
EC-000944,Microcrédito,Tungurahua,2323.88,0.1733,3,60,3330.38,669,0.00284,0.4684,3063.05,4.07,0,Deficiente
EC-000945,Microcrédito,Manabí,2121.58,0.5771,117,60,3455.67,714,0.00389,0.4023,3211.65,5.03,0,Deficiente
EC-000946,Consumo,Imbabura,2699.58,0.1068,33,0,14380.41,864,0.002,0.3618,12020.66,8.7,0,Normal
EC-000947,Productivo,El Oro,8275.21,0.1948,43,0,27293.6,842,0.002,0.4508,24365.21,21.97,0,Normal
EC-000948,Vivienda,Los Ríos,1135.27,0.3838,35,5,71538.82,702,0.002,0.25,61213.9,30.61,0,Vigilancia
EC-000949,Vivienda,El Oro,2520.18,0.1744,34,5,25001.23,817,0.002,0.25,20332.0,10.17,0,Vigilancia
EC-000950,Microcrédito,Los Ríos,1313.2,0.3669,14,0,8029.38,749,0.002,0.4938,7292.9,7.2,0,Normal
EC-000951,Microcrédito,Pichincha,1547.58,0.2096,100,60,1133.79,710,0.002,0.5931,894.89,1.06,0,Deficiente
EC-000952,Consumo,Pichincha,2138.3,0.1182,157,0,9435.15,856,0.002,0.5928,7658.44,9.08,0,Normal
EC-000953,Consumo,Pichincha,5301.58,0.3097,55,0,4312.11,796,0.002,0.6104,3594.54,4.39,0,Normal
EC-000954,Consumo,El Oro,7119.86,0.1026,141,60,5339.59,779,0.002,0.6531,4763.42,6.22,0,Deficiente
EC-000955,Comercial,Imbabura,2955.11,0.2558,98,90,33393.69,733,0.00277,0.5145,32011.76,45.63,0,Dudoso
EC-000956,Vivienda,Azuay,1728.85,0.2273,46,0,112522.87,829,0.002,0.25,100390.27,50.2,0,Normal
EC-000957,Vivienda,Guayas,11162.11,0.5532,12,0,25927.27,741,0.002,0.25,23938.72,11.97,0,Normal
EC-000958,Microcrédito,Los Ríos,1672.52,0.2986,141,0,4346.73,795,0.002,0.4117,3485.83,2.87,0,Normal
EC-000959,Microcrédito,Imbabura,1523.49,0.554,5,0,3441.12,721,0.002,0.6236,3043.59,3.8,0,Normal
EC-000960,Microcrédito,Tungurahua,696.65,0.1702,76,0,2862.84,821,0.002,0.5395,2144.49,2.31,0,Normal
EC-000961,Microcrédito,Manabí,5472.33,0.6127,7,0,2196.13,757,0.002,0.3962,1866.08,1.48,0,Normal
EC-000962,Microcrédito,Manabí,4143.76,0.3743,140,0,3221.19,772,0.002,0.3938,2941.48,2.32,0,Normal
EC-000963,Consumo,Pichincha,10631.47,0.1938,179,15,7841.81,891,0.002,0.6442,6040.72,7.78,0,Vigilancia
EC-000964,Consumo,Guayas,894.99,0.2123,59,5,1856.16,833,0.002,0.5216,1805.28,1.88,0,Vigilancia
EC-000965,Comercial,Los Ríos,5697.66,0.3242,57,15,11339.81,696,0.002,0.4067,9489.31,7.72,0,Vigilancia
EC-000966,Microcrédito,Loja,2311.35,0.4127,102,0,2583.91,794,0.002,0.6459,2345.98,3.03,0,Normal
EC-000967,Comercial,Imbabura,3729.26,0.1538,91,0,28796.76,890,0.002,0.5878,24522.47,28.83,0,Normal
EC-000968,Consumo,Imbabura,756.68,0.5896,69,0,4846.32,747,0.002,0.5077,4483.0,4.55,0,Normal
EC-000969,Microcrédito,Loja,5734.48,0.1404,66,120,1135.25,680,0.00614,0.5035,1003.11,3.1,0,Pérdida
EC-000970,Consumo,Azuay,3682.09,0.0859,34,0,17201.49,856,0.002,0.572,12975.44,14.84,0,Normal
EC-000971,Consumo,Tungurahua,2153.2,0.1809,46,5,12317.73,833,0.002,0.4616,12058.08,11.13,0,Vigilancia
EC-000972,Consumo,Pichincha,3358.75,0.6794,106,0,9186.07,761,0.002,0.68,8311.71,11.3,0,Normal
EC-000973,Consumo,Manabí,1342.69,0.2442,133,60,2761.77,697,0.00248,0.6089,2353.53,3.56,0,Deficiente
EC-000974,Comercial,Los Ríos,1515.29,0.2631,136,0,49121.99,803,0.002,0.5615,44673.96,50.17,0,Normal
EC-000975,Microcrédito,Imbabura,1633.96,0.4498,93,0,1878.34,835,0.002,0.5769,1489.62,1.72,0,Normal
EC-000976,Productivo,Imbabura,662.31,0.3062,136,45,13232.84,747,0.002,0.6787,12376.79,16.8,0,Deficiente
EC-000977,Microcrédito,Pichincha,3866.65,0.5374,107,0,10137.02,822,0.002,0.3536,8465.86,5.99,0,Normal
EC-000978,Microcrédito,Guayas,4791.2,0.1549,65,5,3680.82,900,0.002,0.3575,3479.88,2.49,0,Vigilancia
EC-000979,Microcrédito,Azuay,1399.86,0.5488,64,0,1280.77,731,0.002,0.6091,1020.43,1.24,0,Normal
EC-000980,Consumo,Azuay,2769.25,0.4105,94,180,4446.43,588,0.08686,0.4191,4185.33,152.36,0,Pérdida
EC-000981,Comercial,Guayas,1858.27,0.02,56,30,16427.3,821,0.002,0.5761,15998.11,18.43,0,Vigilancia
EC-000982,Vivienda,Chimborazo,2733.61,0.3576,138,0,40274.42,847,0.002,0.25,40058.14,20.03,0,Normal
EC-000983,Vivienda,Guayas,1468.61,0.2317,34,45,35847.62,798,0.002,0.25,33606.38,16.8,0,Deficiente
EC-000984,Microcrédito,Imbabura,1243.61,0.3332,10,15,4036.32,846,0.002,0.4263,3701.8,3.16,0,Vigilancia
EC-000985,Consumo,El Oro,4375.82,0.1442,89,5,15388.41,849,0.002,0.6063,13319.96,16.15,0,Vigilancia
EC-000986,Comercial,Tungurahua,2118.54,0.511,13,0,14679.0,768,0.002,0.4064,11003.46,8.94,0,Normal
EC-000987,Microcrédito,Azuay,8220.37,0.5984,35,0,1557.87,724,0.002,0.4024,1365.88,1.1,0,Normal
EC-000988,Consumo,Loja,2275.83,0.1681,68,5,1396.13,746,0.002,0.4958,1225.4,1.22,0,Vigilancia
EC-000989,Microcrédito,Tungurahua,1209.61,0.3963,1,0,7487.32,769,0.002,0.3894,5526.58,4.3,0,Normal
EC-000990,Vivienda,Azuay,4902.55,0.3162,41,60,57767.05,688,0.00279,0.25,52763.0,36.77,0,Deficiente
EC-000991,Productivo,Tungurahua,3327.64,0.2084,99,0,18617.02,864,0.002,0.6774,14180.66,19.21,0,Normal
EC-000992,Vivienda,Pichincha,3542.07,0.3087,68,5,36921.65,740,0.002,0.25,32751.4,16.38,0,Vigilancia
EC-000993,Vivienda,Pichincha,4788.11,0.3134,162,0,68033.44,798,0.002,0.25,57987.44,28.99,0,Normal
EC-000994,Consumo,Imbabura,1444.74,0.2349,17,5,3449.9,814,0.002,0.4802,3329.21,3.2,0,Vigilancia
EC-000995,Comercial,Tungurahua,2033.04,0.5326,130,0,23184.83,778,0.002,0.676,18200.75,24.61,0,Normal
EC-000996,Microcrédito,Pichincha,1975.46,0.3133,107,0,5883.83,811,0.002,0.6404,4518.42,5.79,0,Normal
EC-000997,Productivo,Los Ríos,954.33,0.4324,116,0,14456.86,845,0.002,0.6208,12640.03,15.69,0,Normal
EC-000998,Consumo,Pichincha,1860.62,0.3519,121,5,6949.07,854,0.002,0.4259,5898.85,5.02,0,Vigilancia
EC-000999,Comercial,Chimborazo,5264.0,0.1805,10,0,7571.63,812,0.002,0.3908,5793.53,4.53,0,Normal
EC-001000,Consumo,Imbabura,2576.71,0.4061,143,30,2951.64,813,0.002,0.4087,2632.39,2.15,0,Vigilancia
EC-001001,Consumo,Chimborazo,920.63,0.2827,60,0,4841.97,866,0.002,0.4354,4714.28,4.1,0,Normal
EC-001002,Microcrédito,Chimborazo,803.28,0.5904,118,0,3549.84,738,0.002,0.377,3291.66,2.48,0,Normal
EC-001003,Consumo,Loja,6516.58,0.4463,53,5,4077.23,780,0.002,0.6432,3174.84,4.08,0,Vigilancia
EC-001004,Consumo,Imbabura,2082.43,0.692,72,0,6216.33,718,0.002,0.4111,4890.72,4.02,0,Normal
EC-001005,Productivo,Azuay,1449.8,0.6089,127,0,13163.91,722,0.002,0.4248,11533.13,9.8,0,Normal
EC-001006,Microcrédito,Manabí,1848.09,0.2046,169,0,7282.19,821,0.002,0.6431,6624.64,8.52,0,Normal
EC-001007,Comercial,Azuay,845.35,0.1849,159,5,8794.74,876,0.002,0.6662,8743.02,11.65,0,Vigilancia
EC-001008,Consumo,Manabí,5569.23,0.089,131,120,23097.07,731,0.00319,0.4232,17307.78,23.37,0,Pérdida
EC-001009,Productivo,Los Ríos,1710.46,0.1898,97,0,16023.14,819,0.002,0.4471,13987.83,12.51,0,Normal
EC-001010,Microcrédito,Manabí,5371.22,0.3401,95,15,2280.87,762,0.002,0.614,2272.81,2.79,0,Vigilancia
EC-001011,Productivo,Pichincha,2283.75,0.3199,174,15,7338.95,769,0.002,0.6702,5511.92,7.39,0,Vigilancia
EC-001012,Productivo,Loja,5592.58,0.1393,38,15,6983.5,825,0.002,0.5644,6929.86,7.82,0,Vigilancia
EC-001013,Microcrédito,Imbabura,2609.34,0.3306,172,0,4498.77,846,0.002,0.4961,3821.3,3.79,0,Normal
EC-001014,Comercial,El Oro,3845.28,0.3675,117,120,15260.25,617,0.0203,0.5726,14052.7,163.35,0,Pérdida
EC-001015,Microcrédito,El Oro,3524.21,0.3049,111,0,3275.34,853,0.002,0.6075,2748.26,3.34,0,Normal
EC-001016,Consumo,Manabí,3311.44,0.1724,107,45,4881.58,797,0.002,0.3872,4664.31,3.61,0,Deficiente
EC-001017,Productivo,Azuay,2768.77,0.5272,147,0,14039.54,775,0.002,0.4936,13679.92,13.51,0,Normal
EC-001018,Vivienda,El Oro,1898.17,0.3095,123,45,24814.07,791,0.002,0.25,19024.11,9.51,0,Deficiente
EC-001019,Consumo,Tungurahua,7669.7,0.2677,18,180,3547.95,689,0.01949,0.5828,3296.85,37.45,0,Pérdida
EC-001020,Microcrédito,Los Ríos,1224.75,0.1607,141,90,3106.38,675,0.0046,0.4007,2254.63,4.16,0,Dudoso
EC-001021,Vivienda,Tungurahua,2214.54,0.728,132,0,30103.03,683,0.0025,0.25,24007.79,15.03,0,Normal
EC-001022,Vivienda,Chimborazo,2229.82,0.3877,165,45,16318.8,731,0.002,0.25,14273.33,7.14,0,Deficiente
EC-001023,Comercial,Los Ríos,2868.62,0.1846,169,0,32123.46,861,0.002,0.4373,28554.46,24.98,0,Normal
EC-001024,Microcrédito,Pichincha,1670.44,0.3219,171,15,6992.85,839,0.002,0.4635,5750.04,5.33,0,Vigilancia
EC-001025,Productivo,Loja,2709.68,0.377,8,0,13095.0,786,0.002,0.4538,10419.99,9.46,0,Normal
EC-001026,Consumo,Loja,1978.81,0.292,114,15,10128.32,859,0.002,0.6778,7779.18,10.55,0,Vigilancia
EC-001027,Comercial,Pichincha,789.76,0.3968,169,0,16302.66,762,0.002,0.4106,12832.15,10.54,0,Normal
EC-001028,Microcrédito,Guayas,2222.1,0.1608,174,0,2768.97,833,0.002,0.6237,2094.63,2.61,0,Normal
EC-001029,Vivienda,Imbabura,1079.91,0.2268,99,0,30400.91,815,0.002,0.25,24111.77,12.06,0,Normal
EC-001030,Microcrédito,Loja,715.26,0.3771,165,0,2244.12,762,0.002,0.6406,2131.82,2.73,0,Normal
EC-001031,Microcrédito,Guayas,2413.82,0.5581,159,0,2660.93,802,0.002,0.674,2130.09,2.87,0,Normal
EC-001032,Productivo,Azuay,3032.44,0.2047,1,45,38965.02,666,0.00233,0.6672,37957.88,59.09,0,Deficiente
EC-001033,Microcrédito,Azuay,3109.92,0.3794,160,30,2394.66,747,0.002,0.6319,1888.58,2.39,0,Vigilancia
EC-001034,Comercial,Guayas,3192.82,0.4507,115,30,13567.27,787,0.002,0.4865,11637.32,11.32,0,Vigilancia
EC-001035,Microcrédito,Guayas,628.8,0.3675,104,45,7143.9,717,0.002,0.4395,5478.8,4.82,0,Deficiente
EC-001036,Productivo,Imbabura,911.73,0.1715,33,0,43570.24,862,0.002,0.4554,31579.13,28.76,0,Normal
EC-001037,Microcrédito,Los Ríos,7964.81,0.7781,166,0,1056.92,799,0.002,0.5655,946.1,1.07,0,Normal
EC-001038,Microcrédito,Manabí,1118.02,0.1715,54,0,7218.56,833,0.002,0.4628,5880.05,5.44,0,Normal
EC-001039,Microcrédito,Tungurahua,3284.75,0.3273,76,0,2907.91,850,0.002,0.4935,2374.66,2.34,0,Normal
EC-001040,Consumo,Chimborazo,1413.03,0.19,54,5,3238.25,900,0.002,0.3763,2701.25,2.03,0,Vigilancia
EC-001041,Consumo,Los Ríos,2325.73,0.2851,175,30,15621.28,797,0.002,0.6044,14649.21,17.71,0,Vigilancia
EC-001042,Productivo,Pichincha,1463.21,0.2919,87,5,15938.83,803,0.002,0.3868,13259.96,10.26,0,Vigilancia
EC-001043,Productivo,Chimborazo,3181.16,0.1466,21,30,14940.06,832,0.002,0.4612,11118.3,10.26,0,Vigilancia
EC-001044,Productivo,Pichincha,2413.67,0.1209,2,0,22151.58,882,0.002,0.5448,17678.09,19.26,0,Normal
EC-001045,Consumo,Pichincha,1650.13,0.2244,177,30,3822.61,792,0.002,0.5253,3368.93,3.54,0,Vigilancia
EC-001046,Microcrédito,Manabí,1115.87,0.283,43,0,2707.59,786,0.002,0.6447,2702.65,3.48,0,Normal
EC-001047,Consumo,Imbabura,2628.2,0.492,139,60,8740.97,756,0.00203,0.5674,6643.85,7.66,0,Deficiente
EC-001048,Vivienda,Pichincha,1003.99,0.1904,6,0,18780.04,807,0.002,0.25,15222.47,7.61,0,Normal
EC-001049,Vivienda,Azuay,2915.69,0.2632,162,0,181733.82,873,0.002,0.25,155557.99,77.78,0,Normal
EC-001050,Consumo,Azuay,12175.92,0.2553,118,0,3653.24,856,0.002,0.3936,3596.62,2.83,0,Normal
EC-001051,Productivo,Loja,5311.4,0.3167,41,0,10619.5,874,0.002,0.5953,7968.43,9.49,0,Normal
EC-001052,Consumo,Chimborazo,3522.5,0.5203,161,0,3726.77,744,0.002,0.4007,3511.62,2.81,0,Normal
EC-001053,Consumo,Loja,2088.82,0.403,54,0,12750.02,754,0.002,0.6253,11760.96,14.71,0,Normal
EC-001054,Consumo,Azuay,626.29,0.2483,180,5,9428.36,842,0.002,0.6612,7597.4,10.05,0,Vigilancia
EC-001055,Consumo,Guayas,934.97,0.4677,108,90,4630.92,609,0.01749,0.4434,4337.55,33.63,0,Dudoso
EC-001056,Productivo,Guayas,5083.81,0.1124,81,0,3304.92,868,0.002,0.6011,2911.52,3.5,0,Normal
EC-001057,Comercial,Guayas,1321.68,0.2358,11,0,10261.34,864,0.002,0.4943,7880.51,7.79,0,Normal
EC-001058,Consumo,El Oro,1401.76,0.415,47,60,5371.4,632,0.0071,0.4487,4297.16,13.68,0,Deficiente
EC-001059,Microcrédito,Manabí,1982.92,0.3861,11,0,8321.12,793,0.002,0.4923,6756.21,6.65,0,Normal
EC-001060,Productivo,Manabí,1107.29,0.2225,154,45,13682.2,812,0.002,0.5634,11088.72,12.5,0,Deficiente
EC-001061,Comercial,Los Ríos,994.86,0.2222,19,0,2806.04,810,0.002,0.6761,2606.76,3.52,0,Normal
EC-001062,Productivo,El Oro,2137.07,0.1111,21,0,13626.41,812,0.002,0.449,12330.3,11.07,0,Normal
EC-001063,Consumo,Guayas,1237.08,0.2946,23,0,4230.21,788,0.002,0.583,4016.83,4.68,0,Normal
EC-001064,Productivo,Loja,1364.22,0.1455,176,0,29268.07,821,0.002,0.4605,25259.01,23.26,0,Normal
EC-001065,Microcrédito,Loja,1329.06,0.1807,175,5,3930.94,838,0.002,0.433,3216.1,2.78,0,Vigilancia
EC-001066,Comercial,Los Ríos,3101.17,0.3134,129,45,21722.65,749,0.002,0.5585,16052.39,17.93,0,Deficiente
EC-001067,Microcrédito,Loja,1899.07,0.677,14,0,1334.18,694,0.00203,0.6012,1257.37,1.53,0,Normal
EC-001068,Productivo,Guayas,1966.34,0.3809,91,90,20073.37,689,0.00594,0.5867,14873.07,51.8,0,Dudoso
EC-001069,Consumo,Imbabura,3255.22,0.327,171,0,3355.66,873,0.002,0.6611,2699.33,3.57,0,Normal
EC-001070,Microcrédito,Manabí,2013.59,0.0742,18,0,4742.5,864,0.002,0.3854,4302.81,3.32,0,Normal
EC-001071,Vivienda,Pichincha,1842.97,0.25,143,60,48055.57,795,0.002,0.25,44882.35,22.44,0,Deficiente
EC-001072,Productivo,Tungurahua,2998.28,0.7155,4,60,39204.96,680,0.00718,0.446,28979.66,92.82,0,Deficiente
EC-001073,Microcrédito,Azuay,3409.53,0.2754,145,0,3195.58,809,0.002,0.6196,2844.49,3.52,0,Normal
EC-001074,Comercial,Los Ríos,2007.01,0.4694,99,0,31841.88,786,0.002,0.3705,24148.85,17.89,0,Normal
EC-001075,Vivienda,Los Ríos,2327.14,0.313,160,0,38066.91,802,0.002,0.25,35479.4,17.74,0,Normal
EC-001076,Microcrédito,Loja,1328.54,0.3886,75,0,6524.61,734,0.002,0.6048,6031.08,7.29,0,Normal
EC-001077,Microcrédito,El Oro,1262.13,0.4669,142,30,1506.76,748,0.002,0.467,1400.47,1.31,0,Vigilancia
EC-001078,Microcrédito,El Oro,3640.75,0.48,152,0,3331.38,746,0.002,0.575,2458.06,2.83,0,Normal
EC-001079,Productivo,Tungurahua,2948.97,0.0395,59,15,18792.53,868,0.002,0.6795,16474.27,22.39,0,Vigilancia
EC-001080,Microcrédito,Pichincha,2968.89,0.0433,116,0,3932.47,826,0.002,0.5018,3096.58,3.11,0,Normal
EC-001081,Consumo,Loja,2650.64,0.2462,83,0,5606.39,833,0.002,0.5259,4814.92,5.06,0,Normal
EC-001082,Comercial,Guayas,2275.68,0.5828,78,0,7762.69,692,0.002,0.6719,7739.68,10.4,0,Normal
EC-001083,Comercial,Tungurahua,3472.63,0.398,144,0,30980.13,825,0.002,0.5963,23090.49,27.54,0,Normal
EC-001084,Vivienda,Pichincha,4055.47,0.3378,41,5,43342.15,782,0.002,0.25,38415.65,19.21,0,Vigilancia
EC-001085,Comercial,El Oro,3993.0,0.2243,22,180,9679.71,646,0.03202,0.6154,7416.59,146.14,0,Pérdida
EC-001086,Vivienda,Imbabura,2068.32,0.2365,87,60,30681.13,786,0.002,0.25,26472.11,13.24,0,Deficiente
EC-001087,Vivienda,Chimborazo,5440.06,0.1349,148,15,45551.63,835,0.002,0.25,39440.98,19.72,0,Vigilancia
EC-001088,Vivienda,Azuay,2561.89,0.7781,30,0,25806.66,699,0.00231,0.25,21877.42,12.61,0,Normal
EC-001089,Microcrédito,Pichincha,3331.06,0.225,62,90,17379.26,702,0.00361,0.425,15625.56,24.0,0,Dudoso
EC-001090,Microcrédito,Imbabura,2652.76,0.1499,121,60,2573.37,793,0.002,0.6188,2554.78,3.16,0,Deficiente
EC-001091,Consumo,Pichincha,2592.96,0.2375,86,60,2077.59,785,0.002,0.3507,1964.28,1.38,0,Deficiente
EC-001092,Productivo,Pichincha,1368.9,0.5299,110,0,14765.92,789,0.002,0.643,14594.44,18.77,0,Normal
EC-001093,Consumo,Chimborazo,3483.8,0.4797,96,0,3724.97,762,0.002,0.6201,2879.58,3.57,0,Normal
EC-001094,Consumo,Los Ríos,14036.85,0.5869,146,30,21784.87,774,0.002,0.6701,21743.57,29.14,0,Vigilancia
EC-001095,Productivo,Imbabura,1730.88,0.2191,158,0,47865.88,804,0.002,0.3617,38553.37,27.89,0,Normal
EC-001096,Microcrédito,Los Ríos,2312.64,0.448,81,0,3928.36,753,0.002,0.4944,2866.0,2.83,0,Normal
EC-001097,Consumo,Pichincha,1652.37,0.2569,78,0,4376.62,815,0.002,0.4058,3685.75,2.99,0,Normal
EC-001098,Vivienda,Pichincha,1608.07,0.3868,51,0,20411.24,821,0.002,0.25,16103.14,8.05,0,Normal
EC-001099,Vivienda,Loja,6026.32,0.109,80,0,51529.94,825,0.002,0.25,48097.73,24.05,0,Normal
EC-001100,Consumo,Pichincha,1425.91,0.4302,151,15,10480.88,796,0.002,0.5472,7801.37,8.54,0,Vigilancia
EC-001101,Consumo,Los Ríos,1622.7,0.7384,91,15,7385.99,688,0.00323,0.4944,6451.23,10.31,0,Vigilancia
EC-001102,Microcrédito,Pichincha,786.92,0.2027,125,0,2298.84,816,0.002,0.6686,1841.44,2.46,0,Normal
EC-001103,Vivienda,El Oro,1349.58,0.1144,76,0,57269.34,888,0.002,0.25,44548.98,22.27,0,Normal
EC-001104,Vivienda,Los Ríos,727.45,0.8063,128,90,45255.16,542,0.0685,0.25,43679.32,748.05,0,Dudoso
EC-001105,Consumo,Imbabura,3329.82,0.4746,129,0,915.13,864,0.002,0.5812,790.98,0.92,0,Normal
EC-001106,Vivienda,Azuay,13626.93,0.3953,96,0,81654.66,805,0.002,0.25,66232.09,33.12,0,Normal
EC-001107,Consumo,Manabí,1740.03,0.6133,169,0,3576.91,750,0.002,0.5889,3322.64,3.91,0,Normal
EC-001108,Microcrédito,El Oro,747.41,0.5345,158,0,1543.98,809,0.002,0.5839,1480.52,1.73,0,Normal
EC-001109,Comercial,Imbabura,3963.96,0.2263,29,15,26470.09,812,0.002,0.585,22335.05,26.13,0,Vigilancia
EC-001110,Consumo,Manabí,1376.77,0.1363,42,0,10723.22,880,0.002,0.5728,8267.55,9.47,0,Normal
EC-001111,Consumo,Azuay,5138.8,0.5322,172,60,8276.95,625,0.00846,0.6198,8263.83,43.35,0,Deficiente
EC-001112,Microcrédito,Imbabura,1838.46,0.1705,73,0,7047.16,824,0.002,0.6783,5782.29,7.84,0,Normal
EC-001113,Productivo,Los Ríos,1464.57,0.1763,56,180,8973.81,684,0.02112,0.3683,6977.51,54.27,0,Pérdida
EC-001114,Comercial,Manabí,1967.12,0.6383,144,5,14343.48,772,0.002,0.5141,10742.21,11.04,0,Vigilancia
EC-001115,Comercial,Pichincha,3613.94,0.169,109,0,39886.05,880,0.002,0.6183,30101.17,37.22,0,Normal
EC-001116,Consumo,El Oro,1904.88,0.2915,24,5,7217.65,820,0.002,0.35,7102.54,4.97,0,Vigilancia
EC-001117,Consumo,Los Ríos,1598.99,0.6175,17,0,7273.04,762,0.002,0.5299,7164.42,7.59,0,Normal
EC-001118,Vivienda,Chimborazo,1940.61,0.0783,146,120,30236.56,724,0.00382,0.25,26070.61,24.88,0,Pérdida
EC-001119,Consumo,Manabí,966.13,0.6262,138,30,2715.7,621,0.00724,0.4133,2481.6,7.43,0,Vigilancia
EC-001120,Vivienda,Guayas,2858.55,0.0782,64,0,84469.44,900,0.002,0.25,80511.17,40.26,0,Normal
EC-001121,Productivo,El Oro,691.34,0.2361,156,0,9901.14,793,0.002,0.6105,8674.26,10.59,0,Normal
EC-001122,Consumo,Los Ríos,1654.61,0.117,23,180,3348.53,690,0.01751,0.372,3036.3,19.77,0,Pérdida
EC-001123,Vivienda,Chimborazo,3617.72,0.2884,157,15,32171.59,813,0.002,0.25,31874.09,15.94,0,Vigilancia
EC-001124,Consumo,Pichincha,2689.15,0.3057,15,0,1930.37,803,0.002,0.62,1483.13,1.84,0,Normal
EC-001125,Microcrédito,Azuay,3241.23,0.1288,115,0,2554.87,823,0.002,0.617,1938.79,2.39,0,Normal
EC-001126,Microcrédito,Manabí,2116.93,0.3286,152,0,2154.89,745,0.002,0.5448,2005.88,2.19,0,Normal
EC-001127,Microcrédito,Pichincha,4723.64,0.1443,112,15,6413.65,806,0.002,0.4873,5880.88,5.73,0,Vigilancia
EC-001128,Productivo,Los Ríos,4028.12,0.3604,141,5,14103.05,834,0.002,0.3849,10888.5,8.38,0,Vigilancia
EC-001129,Productivo,Guayas,2951.27,0.1676,62,45,11930.93,731,0.002,0.6178,9600.54,11.86,0,Deficiente
EC-001130,Comercial,Tungurahua,4035.58,0.3611,52,0,10353.77,769,0.002,0.4298,9441.31,8.12,0,Normal
EC-001131,Comercial,Chimborazo,3596.71,0.1128,48,5,38075.04,862,0.002,0.6514,32684.47,42.58,0,Vigilancia
EC-001132,Microcrédito,Tungurahua,1659.63,0.3028,21,0,3175.28,762,0.002,0.606,3080.57,3.73,0,Normal
EC-001133,Consumo,Imbabura,921.93,0.1585,50,30,1828.05,771,0.002,0.3767,1744.7,1.31,0,Vigilancia
EC-001134,Productivo,Azuay,2902.23,0.2261,45,0,18097.71,829,0.002,0.5597,15498.76,17.35,0,Normal
EC-001135,Comercial,Los Ríos,3149.37,0.368,137,60,55915.66,736,0.002,0.6538,50699.96,66.3,0,Deficiente
EC-001136,Consumo,Manabí,4486.4,0.1434,39,0,6276.5,811,0.002,0.6401,5649.91,7.23,0,Normal
EC-001137,Microcrédito,Pichincha,1201.58,0.0454,30,15,3312.71,841,0.002,0.5524,2470.56,2.73,0,Vigilancia
EC-001138,Microcrédito,Loja,1225.15,0.0386,132,60,5160.12,807,0.002,0.4067,4330.2,3.52,0,Deficiente
EC-001139,Consumo,Loja,2977.79,0.3116,97,30,8262.09,731,0.002,0.5745,6966.32,8.0,0,Vigilancia
EC-001140,Productivo,El Oro,2108.52,0.4803,39,0,71283.45,771,0.002,0.5698,69234.97,78.9,0,Normal
EC-001141,Microcrédito,Azuay,648.24,0.5346,128,15,5975.36,708,0.002,0.5443,5783.42,6.3,0,Vigilancia
EC-001142,Vivienda,Manabí,2818.11,0.5122,39,0,75313.97,763,0.002,0.25,55441.47,27.72,0,Normal
EC-001143,Vivienda,Manabí,662.44,0.2207,142,0,12698.82,851,0.002,0.25,12148.29,6.07,0,Normal
EC-001144,Vivienda,Loja,1194.62,0.7565,6,45,15452.91,621,0.01213,0.25,13772.73,41.76,0,Deficiente
EC-001145,Microcrédito,Tungurahua,5316.62,0.5864,107,45,2978.3,731,0.00224,0.448,2157.9,2.17,0,Deficiente
EC-001146,Microcrédito,Loja,7231.28,0.5813,108,0,2865.7,792,0.002,0.4342,2369.54,2.06,0,Normal
EC-001147,Vivienda,Imbabura,1002.07,0.1829,68,120,11259.32,699,0.00638,0.25,10906.51,17.38,0,Pérdida
EC-001148,Vivienda,Azuay,1782.72,0.4841,125,0,56868.11,789,0.002,0.25,46649.22,23.32,0,Normal
EC-001149,Microcrédito,Los Ríos,2270.38,0.3477,69,90,8051.89,717,0.00408,0.4262,7322.43,12.72,0,Dudoso
EC-001150,Vivienda,Loja,7028.98,0.1985,118,30,22599.28,827,0.002,0.25,19850.88,9.93,0,Vigilancia
EC-001151,Consumo,Pichincha,1603.0,0.6253,41,90,3342.21,548,0.04488,0.4134,2958.39,54.88,0,Dudoso
EC-001152,Vivienda,Guayas,1619.75,0.1305,103,45,32928.81,764,0.002,0.25,28141.75,14.07,0,Deficiente
EC-001153,Consumo,Los Ríos,6043.1,0.1368,137,120,6380.65,698,0.00495,0.3895,5455.81,10.52,0,Pérdida
EC-001154,Consumo,Los Ríos,1730.88,0.3932,174,5,14806.41,786,0.002,0.4679,14402.8,13.48,0,Vigilancia
EC-001155,Microcrédito,Azuay,3531.33,0.191,65,0,1574.39,852,0.002,0.484,1315.99,1.27,0,Normal
EC-001156,Consumo,Tungurahua,845.44,0.2089,86,0,3985.54,797,0.002,0.4832,3083.19,2.98,0,Normal
EC-001157,Consumo,El Oro,1975.74,0.2142,86,30,9500.68,862,0.002,0.5892,7957.05,9.38,0,Vigilancia
EC-001158,Consumo,Guayas,750.89,0.4601,155,0,6156.87,768,0.002,0.5095,5696.43,5.8,0,Normal
EC-001159,Microcrédito,Manabí,1112.06,0.6791,174,90,3683.66,604,0.02786,0.5787,3142.42,50.66,0,Dudoso
EC-001160,Vivienda,Tungurahua,3810.37,0.3809,117,0,200708.37,782,0.002,0.25,185652.65,92.83,0,Normal
EC-001161,Consumo,Chimborazo,2137.86,0.3365,148,60,4315.8,695,0.00298,0.4941,3397.14,4.99,0,Deficiente
EC-001162,Productivo,Los Ríos,1794.68,0.3096,16,0,20843.96,792,0.002,0.3796,18408.83,13.98,0,Normal
EC-001163,Vivienda,Pichincha,1357.38,0.3062,137,45,20985.04,754,0.002,0.25,20187.84,10.09,0,Deficiente
EC-001164,Consumo,Azuay,1913.28,0.4306,146,120,3061.09,623,0.02298,0.553,2657.65,33.77,0,Pérdida
EC-001165,Consumo,Manabí,2685.77,0.0883,129,0,2966.23,900,0.002,0.6129,2664.59,3.27,0,Normal
EC-001166,Vivienda,Guayas,4183.47,0.2493,106,15,21730.76,810,0.002,0.25,19776.42,9.89,0,Vigilancia
EC-001167,Vivienda,El Oro,450.0,0.1432,162,0,77459.96,837,0.002,0.25,71813.93,35.91,0,Normal
EC-001168,Microcrédito,Pichincha,1286.08,0.2723,118,45,7074.56,788,0.002,0.4373,5787.57,5.06,0,Deficiente
EC-001169,Vivienda,Guayas,2448.94,0.37,153,45,25916.75,738,0.002,0.25,23208.89,11.6,0,Deficiente
EC-001170,Consumo,Pichincha,2070.9,0.3421,33,0,11082.55,812,0.002,0.4154,9270.86,7.7,0,Normal
EC-001171,Microcrédito,Azuay,2870.37,0.6321,120,0,2038.1,701,0.002,0.364,1690.54,1.23,0,Normal
EC-001172,Vivienda,Imbabura,2627.8,0.4794,79,0,56388.91,728,0.002,0.25,48102.93,24.05,0,Normal
EC-001173,Consumo,Guayas,1811.36,0.0478,157,0,11739.67,880,0.002,0.6792,9793.09,13.3,0,Normal
EC-001174,Vivienda,Chimborazo,1567.98,0.3772,159,45,44016.84,730,0.002,0.25,32010.95,16.01,0,Deficiente
EC-001175,Microcrédito,Azuay,1882.63,0.5627,152,0,3861.87,729,0.002,0.4557,3582.88,3.27,0,Normal
EC-001176,Vivienda,Pichincha,4659.59,0.4302,39,120,22768.26,625,0.02052,0.25,20118.37,103.21,0,Pérdida
EC-001177,Microcrédito,Loja,1372.23,0.55,89,120,1406.47,597,0.03895,0.6032,1066.84,25.06,0,Pérdida
EC-001178,Microcrédito,Imbabura,2120.01,0.4147,1,90,8724.73,625,0.01274,0.4492,6920.16,39.59,0,Dudoso
EC-001179,Consumo,Guayas,2487.85,0.5265,177,5,5748.36,744,0.002,0.3573,5122.3,3.66,0,Vigilancia
EC-001180,Consumo,Pichincha,6088.93,0.3688,47,0,2009.89,808,0.002,0.5007,1738.64,1.74,0,Normal
EC-001181,Vivienda,Los Ríos,1816.74,0.3531,113,45,37420.45,708,0.00206,0.25,34522.53,17.8,0,Deficiente
EC-001182,Consumo,El Oro,4118.42,0.4151,88,15,8697.61,752,0.002,0.4694,7453.72,7.0,0,Vigilancia
EC-001183,Consumo,Loja,4918.64,0.2232,163,180,11758.36,702,0.017,0.5656,11246.85,108.17,0,Pérdida
EC-001184,Consumo,Imbabura,2118.7,0.1807,148,0,2894.25,846,0.002,0.5896,2146.63,2.53,0,Normal
EC-001185,Consumo,Los Ríos,1925.68,0.3436,140,0,4124.26,791,0.002,0.5345,3677.58,3.93,0,Normal
EC-001186,Vivienda,Loja,1783.11,0.2369,116,180,18132.14,638,0.03869,0.25,14941.5,144.51,0,Pérdida
EC-001187,Microcrédito,El Oro,1870.04,0.5218,22,45,2884.07,653,0.00524,0.3574,2324.32,4.35,0,Deficiente
EC-001188,Comercial,Pichincha,3847.8,0.655,166,0,30213.75,739,0.002,0.641,29736.97,38.12,0,Normal
EC-001189,Consumo,Loja,2566.14,0.1546,12,30,5664.32,866,0.002,0.4115,5448.32,4.48,0,Vigilancia
EC-001190,Productivo,El Oro,2573.28,0.0591,83,0,89273.93,890,0.002,0.4814,68869.52,66.3,0,Normal
EC-001191,Microcrédito,Guayas,1062.74,0.1492,69,0,1318.43,791,0.002,0.3842,970.47,0.75,0,Normal
EC-001192,Microcrédito,Chimborazo,1177.48,0.2338,71,0,3175.82,844,0.002,0.4257,3057.78,2.6,0,Normal
EC-001193,Vivienda,Chimborazo,8894.96,0.6069,176,0,21113.53,736,0.002,0.25,16202.59,8.1,0,Normal
EC-001194,Comercial,Azuay,1967.29,0.5404,42,0,144943.94,749,0.002,0.4277,142032.01,121.5,0,Normal
EC-001195,Vivienda,Loja,1334.62,0.1337,105,0,17165.03,830,0.002,0.25,13691.68,6.85,0,Normal
EC-001196,Consumo,Guayas,5598.28,0.4655,40,0,5413.3,847,0.002,0.4712,4521.53,4.26,0,Normal
EC-001197,Consumo,El Oro,2652.28,0.2351,165,0,8509.91,797,0.002,0.6102,6234.33,7.61,0,Normal
EC-001198,Productivo,Guayas,3215.7,0.2383,133,0,7364.76,849,0.002,0.5486,6411.09,7.03,0,Normal
EC-001199,Consumo,Loja,2018.82,0.2215,75,5,3871.83,798,0.002,0.4338,2992.33,2.6,0,Vigilancia
EC-001200,Vivienda,El Oro,1795.18,0.3276,15,15,28517.15,798,0.002,0.25,23974.41,11.99,0,Vigilancia
EC-001201,Microcrédito,Tungurahua,1977.86,0.4006,28,15,3055.07,769,0.002,0.6576,2986.12,3.93,0,Vigilancia
EC-001202,Microcrédito,El Oro,898.94,0.3224,44,0,3212.59,836,0.002,0.3896,2540.26,1.98,0,Normal
EC-001203,Vivienda,Azuay,2085.67,0.2491,74,0,51259.41,848,0.002,0.25,46019.53,23.01,0,Normal
EC-001204,Productivo,Imbabura,2676.92,0.7742,160,45,7639.58,627,0.01113,0.5582,5932.57,36.85,0,Deficiente
EC-001205,Consumo,Tungurahua,7352.54,0.5854,22,60,4697.55,769,0.002,0.571,4184.38,4.78,0,Deficiente
EC-001206,Consumo,Imbabura,2335.31,0.5281,104,180,4335.66,622,0.07723,0.3603,3472.7,96.63,0,Pérdida
EC-001207,Productivo,Manabí,484.34,0.5033,63,120,19844.16,566,0.05079,0.3593,18074.81,329.84,0,Pérdida
EC-001208,Microcrédito,Los Ríos,2077.48,0.3042,9,5,1360.34,798,0.002,0.4473,1272.97,1.14,0,Vigilancia
EC-001209,Consumo,Loja,13104.06,0.2397,112,60,12327.9,791,0.002,0.3765,11916.02,8.97,0,Deficiente
EC-001210,Microcrédito,Los Ríos,3878.25,0.6051,127,0,8353.62,776,0.002,0.4708,8163.22,7.69,0,Normal
EC-001211,Vivienda,Azuay,1303.65,0.454,173,30,32965.41,756,0.002,0.25,25962.39,12.98,0,Vigilancia
EC-001212,Vivienda,Azuay,3242.89,0.07,92,120,34230.16,743,0.00291,0.25,25882.05,18.81,0,Pérdida
EC-001213,Microcrédito,El Oro,1363.34,0.1578,59,45,940.04,806,0.002,0.4796,689.6,0.66,0,Deficiente
EC-001214,Microcrédito,El Oro,916.01,0.5676,154,0,1502.15,720,0.002,0.4383,1384.54,1.21,0,Normal
EC-001215,Consumo,Imbabura,1760.86,0.2627,45,0,8503.42,886,0.002,0.4891,6567.45,6.42,0,Normal
EC-001216,Microcrédito,Azuay,2343.71,0.5231,123,0,2946.57,838,0.002,0.6132,2781.7,3.41,0,Normal
EC-001217,Consumo,Los Ríos,653.99,0.2948,170,0,2489.74,837,0.002,0.6242,2465.21,3.08,0,Normal
EC-001218,Microcrédito,Loja,1046.33,0.4505,1,45,2807.07,697,0.0029,0.4889,2137.39,3.03,0,Deficiente
EC-001219,Productivo,El Oro,2223.23,0.2081,167,15,36339.14,823,0.002,0.481,29047.06,27.94,0,Vigilancia
EC-001220,Consumo,Chimborazo,1693.73,0.407,38,0,15077.02,766,0.002,0.4144,13067.83,10.83,0,Normal
EC-001221,Consumo,El Oro,2854.43,0.0853,87,15,8054.82,839,0.002,0.6719,6770.51,9.1,0,Vigilancia
EC-001222,Consumo,Tungurahua,1002.71,0.5141,47,0,2987.37,673,0.002,0.4526,2507.2,2.27,0,Normal
EC-001223,Vivienda,Chimborazo,3512.82,0.4351,27,0,66162.13,830,0.002,0.25,51658.7,25.83,0,Normal
EC-001224,Productivo,Chimborazo,1023.06,0.4927,127,0,31905.78,809,0.002,0.4919,30916.07,30.41,0,Normal
EC-001225,Consumo,Manabí,6423.88,0.158,87,0,3417.84,798,0.002,0.3765,3113.12,2.34,0,Normal
EC-001226,Vivienda,Manabí,723.98,0.4152,92,30,46784.31,768,0.002,0.25,35700.31,17.85,0,Vigilancia
EC-001227,Microcrédito,Guayas,1085.55,0.2846,88,30,4228.18,770,0.002,0.6571,3049.54,4.01,0,Vigilancia
EC-001228,Microcrédito,El Oro,2896.59,0.1848,135,30,1759.11,801,0.002,0.3746,1642.22,1.23,0,Vigilancia
EC-001229,Comercial,Chimborazo,6514.28,0.3832,174,0,28419.9,829,0.002,0.4294,20588.52,17.68,0,Normal
EC-001230,Consumo,Manabí,2710.2,0.1635,93,15,2662.06,767,0.002,0.4219,2572.92,2.17,0,Vigilancia
EC-001231,Consumo,Loja,3183.89,0.2875,29,0,1966.71,809,0.002,0.4276,1707.58,1.46,0,Normal
EC-001232,Productivo,Guayas,2233.66,0.0532,59,0,14702.3,868,0.002,0.665,14414.49,19.17,0,Normal
EC-001233,Consumo,Loja,1133.25,0.5265,90,5,11600.65,752,0.002,0.5838,10859.6,12.68,0,Vigilancia
EC-001234,Productivo,Azuay,1605.85,0.2969,19,15,37567.41,731,0.002,0.6535,36456.02,47.65,0,Vigilancia
EC-001235,Consumo,Chimborazo,1004.51,0.2585,42,90,6297.24,701,0.00422,0.633,5845.53,15.62,0,Dudoso
EC-001236,Consumo,El Oro,961.83,0.3812,37,0,6401.39,815,0.002,0.5562,5642.52,6.28,0,Normal
EC-001237,Consumo,Guayas,2867.33,0.5106,176,45,5371.5,727,0.0022,0.5347,4127.77,4.85,0,Deficiente
EC-001238,Microcrédito,Pichincha,1064.15,0.1255,73,0,2312.35,836,0.002,0.518,2136.01,2.21,0,Normal
EC-001239,Consumo,Los Ríos,2718.16,0.4412,159,0,979.19,883,0.002,0.5775,867.41,1.0,0,Normal
EC-001240,Consumo,Chimborazo,947.49,0.1684,100,45,2838.21,745,0.002,0.5816,2404.83,2.8,0,Deficiente
EC-001241,Vivienda,Imbabura,2677.53,0.3725,92,30,44904.35,786,0.002,0.25,39354.42,19.68,0,Vigilancia
EC-001242,Microcrédito,Guayas,1607.37,0.1599,169,60,1599.88,776,0.002,0.4982,1255.96,1.25,0,Deficiente
EC-001243,Microcrédito,Pichincha,5509.89,0.0831,125,45,2737.69,888,0.002,0.5729,2281.15,2.61,0,Deficiente
EC-001244,Consumo,Guayas,2725.53,0.1604,44,0,2636.81,854,0.002,0.4017,1990.2,1.6,0,Normal
EC-001245,Microcrédito,Imbabura,4930.81,0.1916,51,180,3797.4,699,0.01646,0.532,3169.82,27.76,0,Pérdida
EC-001246,Consumo,Imbabura,1351.31,0.4211,120,90,6537.68,683,0.00704,0.5214,5561.87,20.42,0,Dudoso
EC-001247,Productivo,Los Ríos,2290.43,0.2398,1,0,8279.91,775,0.002,0.5264,7950.17,8.37,0,Normal
EC-001248,Consumo,Pichincha,1167.12,0.4764,28,0,950.92,726,0.002,0.5186,825.03,0.86,0,Normal
EC-001249,Vivienda,Guayas,1687.76,0.2514,14,0,117497.84,799,0.002,0.25,114499.67,57.25,0,Normal
EC-001250,Comercial,Chimborazo,1862.42,0.2244,129,45,11372.38,808,0.002,0.6,11270.22,13.52,0,Deficiente
EC-001251,Consumo,Chimborazo,1377.73,0.5375,80,120,4321.63,599,0.03715,0.4588,3170.85,54.04,0,Pérdida
EC-001252,Consumo,Imbabura,1002.17,0.1021,3,45,3080.94,768,0.002,0.4657,2733.41,2.55,0,Deficiente
EC-001253,Consumo,Guayas,881.14,0.3146,134,0,9337.08,855,0.002,0.3554,7505.01,5.34,0,Normal
EC-001254,Productivo,Pichincha,482.59,0.171,119,0,11722.21,765,0.002,0.3874,11234.23,8.7,0,Normal
EC-001255,Consumo,Pichincha,1111.4,0.3481,130,0,5218.14,756,0.002,0.4366,4478.95,3.91,0,Normal
EC-001256,Vivienda,Tungurahua,3320.5,0.5189,30,0,53023.23,670,0.002,0.25,39336.02,19.67,0,Normal
EC-001257,Vivienda,Los Ríos,781.31,0.3708,158,0,36946.0,835,0.002,0.25,28825.34,14.41,0,Normal
EC-001258,Vivienda,Tungurahua,907.52,0.2458,33,0,46039.22,804,0.002,0.25,41835.32,20.92,0,Normal
EC-001259,Microcrédito,Azuay,7073.31,0.1007,103,0,2655.37,900,0.002,0.637,1971.06,2.51,0,Normal
EC-001260,Comercial,Imbabura,1460.13,0.308,101,0,98155.23,806,0.002,0.474,81090.15,76.87,0,Normal
EC-001261,Consumo,Pichincha,2720.8,0.5085,40,30,5937.83,755,0.002,0.6134,5724.39,7.02,0,Vigilancia
EC-001262,Microcrédito,Los Ríos,3352.65,0.2772,68,0,7150.34,815,0.002,0.5041,5206.71,5.25,0,Normal
EC-001263,Microcrédito,Los Ríos,3396.98,0.2755,10,0,1335.13,824,0.002,0.5852,1221.56,1.43,0,Normal
EC-001264,Comercial,Imbabura,820.98,0.296,85,5,41606.41,807,0.002,0.4676,37825.87,35.37,0,Vigilancia
EC-001265,Productivo,Los Ríos,1900.38,0.5589,122,120,10379.33,608,0.03452,0.3733,8405.25,108.32,0,Pérdida
EC-001266,Vivienda,El Oro,771.36,0.1001,56,30,38183.56,862,0.002,0.25,28697.26,14.35,0,Vigilancia
EC-001267,Consumo,Manabí,10830.34,0.4755,97,15,3799.33,714,0.002,0.58,2844.46,3.3,0,Vigilancia
EC-001268,Comercial,Loja,783.16,0.6184,172,30,12827.99,693,0.00325,0.6529,12717.46,27.01,0,Vigilancia
EC-001269,Microcrédito,Chimborazo,1117.56,0.6973,43,15,2008.28,694,0.00284,0.5573,1826.6,2.89,0,Vigilancia
EC-001270,Microcrédito,Tungurahua,1122.83,0.3715,53,15,3316.24,766,0.002,0.6038,2736.82,3.3,0,Vigilancia
EC-001271,Comercial,Guayas,834.78,0.2003,22,0,23551.6,801,0.002,0.3547,22453.92,15.93,0,Normal
EC-001272,Microcrédito,Chimborazo,5319.77,0.5199,98,5,2320.56,748,0.002,0.6008,1737.94,2.09,0,Vigilancia
EC-001273,Microcrédito,Pichincha,10663.6,0.2421,37,0,3284.07,887,0.002,0.6257,2481.24,3.11,0,Normal
EC-001274,Productivo,El Oro,1620.94,0.0283,154,0,4593.0,877,0.002,0.4862,3561.03,3.46,0,Normal
EC-001275,Consumo,Guayas,936.1,0.3642,53,0,6689.89,870,0.002,0.513,6247.0,6.41,0,Normal
EC-001276,Microcrédito,Tungurahua,515.94,0.274,120,0,3626.59,830,0.002,0.3673,3026.36,2.22,0,Normal
EC-001277,Consumo,Manabí,1884.33,0.6863,35,0,2263.18,704,0.002,0.4076,2036.68,1.66,0,Normal
EC-001278,Consumo,Manabí,1797.88,0.1575,59,5,3689.55,852,0.002,0.3686,2896.61,2.14,0,Vigilancia
EC-001279,Vivienda,Tungurahua,1446.15,0.1915,31,0,5668.03,828,0.002,0.25,5314.59,2.66,0,Normal
EC-001280,Productivo,Imbabura,2550.12,0.6832,100,0,12486.24,776,0.002,0.614,11792.83,14.48,0,Normal
EC-001281,Microcrédito,Loja,2855.1,0.2805,5,0,7799.39,765,0.002,0.3859,6518.05,5.03,0,Normal
EC-001282,Microcrédito,Chimborazo,2724.4,0.4165,15,0,965.21,713,0.002,0.6541,751.51,0.98,0,Normal
EC-001283,Microcrédito,Manabí,1798.16,0.543,91,15,2828.71,749,0.002,0.627,2535.7,3.18,0,Vigilancia
EC-001284,Productivo,Guayas,1079.17,0.1846,99,0,12900.56,864,0.002,0.5402,10213.61,11.03,0,Normal
EC-001285,Comercial,Pichincha,3404.29,0.3925,60,0,19061.72,802,0.002,0.6728,14515.92,19.53,0,Normal
EC-001286,Comercial,Azuay,2226.38,0.2941,78,0,10995.11,837,0.002,0.6412,9812.29,12.58,0,Normal
EC-001287,Microcrédito,Tungurahua,3934.08,0.3317,75,0,1415.75,828,0.002,0.4235,1222.66,1.04,0,Normal
EC-001288,Microcrédito,El Oro,3690.62,0.479,137,0,5564.21,732,0.002,0.6648,5226.84,6.95,0,Normal
EC-001289,Microcrédito,Loja,876.43,0.3135,81,0,2014.24,810,0.002,0.4962,1615.11,1.6,0,Normal
EC-001290,Microcrédito,Manabí,869.36,0.4587,153,5,1052.91,813,0.002,0.4011,824.52,0.66,0,Vigilancia
EC-001291,Microcrédito,Los Ríos,1351.4,0.399,40,90,5748.95,662,0.00848,0.416,5170.3,18.24,0,Dudoso
EC-001292,Productivo,El Oro,1111.46,0.3192,36,15,11155.53,727,0.002,0.5758,10221.77,11.77,0,Vigilancia
EC-001293,Microcrédito,Pichincha,3608.02,0.2247,73,0,3055.45,822,0.002,0.6759,2553.57,3.45,0,Normal
EC-001294,Microcrédito,Pichincha,2774.85,0.3412,15,0,1818.09,813,0.002,0.4969,1534.21,1.52,0,Normal
EC-001295,Microcrédito,Manabí,4511.88,0.3128,121,45,3060.28,826,0.002,0.5391,2309.27,2.49,0,Deficiente
EC-001296,Microcrédito,Manabí,2857.54,0.2943,71,0,7259.98,746,0.002,0.4491,6181.42,5.55,0,Normal
EC-001297,Consumo,Los Ríos,2529.11,0.4309,66,90,12408.66,672,0.00775,0.629,12274.29,59.87,0,Dudoso
EC-001298,Consumo,El Oro,4816.6,0.4002,97,0,4293.55,768,0.002,0.388,3228.04,2.5,0,Normal
EC-001299,Productivo,Imbabura,2996.87,0.3102,15,0,20948.13,819,0.002,0.5421,18414.05,19.97,0,Normal
EC-001300,Microcrédito,El Oro,2308.3,0.1893,68,0,3237.9,857,0.002,0.5435,2347.96,2.55,0,Normal
EC-001301,Consumo,Loja,5780.78,0.3118,175,90,11108.21,697,0.00418,0.3504,9009.92,13.19,0,Dudoso
EC-001302,Microcrédito,Tungurahua,2380.03,0.5394,114,180,5003.19,624,0.07713,0.6604,4668.58,237.8,0,Pérdida
EC-001303,Vivienda,Tungurahua,1811.99,0.3937,104,60,16460.39,752,0.002,0.25,14465.48,7.23,0,Deficiente
EC-001304,Consumo,Imbabura,1281.02,0.5193,92,0,10477.16,753,0.002,0.5043,7781.57,7.85,0,Normal
EC-001305,Vivienda,Guayas,3487.59,0.7532,85,30,34075.32,626,0.00804,0.25,28845.19,57.96,0,Vigilancia
EC-001306,Comercial,Tungurahua,4934.88,0.3118,169,0,26902.51,875,0.002,0.6301,19965.46,25.16,0,Normal
EC-001307,Productivo,Azuay,2136.91,0.3916,168,0,31735.87,827,0.002,0.3885,26169.03,20.33,0,Normal
EC-001308,Productivo,Imbabura,5167.5,0.2602,74,15,16763.69,828,0.002,0.3779,15679.2,11.85,0,Vigilancia
EC-001309,Consumo,Imbabura,613.69,0.7079,167,120,2082.72,527,0.11001,0.5775,1650.16,104.83,0,Pérdida
EC-001310,Comercial,Tungurahua,2130.17,0.7477,15,0,21248.52,732,0.002,0.5346,17996.41,19.24,0,Normal
EC-001311,Microcrédito,Chimborazo,2151.54,0.2853,58,0,2991.33,883,0.002,0.5742,2572.82,2.95,0,Normal
EC-001312,Comercial,El Oro,1376.71,0.2003,55,0,45877.62,822,0.002,0.5388,43992.84,47.4,0,Normal
EC-001313,Productivo,Pichincha,10399.47,0.2313,126,0,13195.61,854,0.002,0.5897,9949.77,11.73,0,Normal
EC-001314,Consumo,Tungurahua,2115.35,0.3748,110,0,7020.23,763,0.002,0.4011,6136.51,4.92,0,Normal
EC-001315,Consumo,Imbabura,1694.22,0.2768,86,60,1299.99,710,0.00227,0.4212,947.2,0.91,0,Deficiente
EC-001316,Productivo,Guayas,2245.93,0.4078,47,0,25233.71,744,0.002,0.4282,18827.74,16.12,0,Normal
EC-001317,Microcrédito,Guayas,600.75,0.2785,92,15,2194.09,791,0.002,0.4875,1715.35,1.67,0,Vigilancia
EC-001318,Consumo,Azuay,1347.61,0.3123,49,0,2146.0,787,0.002,0.6007,1977.58,2.38,0,Normal
EC-001319,Vivienda,Los Ríos,4184.35,0.4666,90,0,22676.57,795,0.002,0.25,16588.15,8.29,0,Normal
EC-001320,Vivienda,El Oro,1467.31,0.4505,62,0,34943.41,739,0.002,0.25,34405.96,17.2,0,Normal
EC-001321,Microcrédito,Chimborazo,1288.5,0.4176,160,0,5596.46,781,0.002,0.5487,4699.61,5.16,0,Normal
EC-001322,Microcrédito,Los Ríos,5172.92,0.68,135,0,2469.39,707,0.002,0.4474,2357.83,2.11,0,Normal
EC-001323,Consumo,El Oro,5277.28,0.2719,32,15,8131.41,805,0.002,0.507,6359.78,6.45,0,Vigilancia
EC-001324,Vivienda,Tungurahua,3090.36,0.3186,170,120,36243.46,600,0.02284,0.25,29523.45,168.58,0,Pérdida
EC-001325,Microcrédito,Loja,1642.83,0.1296,119,0,1147.12,861,0.002,0.4389,1059.44,0.93,0,Normal
EC-001326,Vivienda,Pichincha,1890.02,0.3379,64,5,20987.48,783,0.002,0.25,17339.33,8.67,0,Vigilancia
EC-001327,Microcrédito,Loja,1309.37,0.2568,96,90,9657.02,705,0.00401,0.3639,8325.29,12.15,0,Dudoso
EC-001328,Microcrédito,El Oro,1156.78,0.1587,36,0,5419.62,773,0.002,0.4639,5130.16,4.76,0,Normal
EC-001329,Consumo,Guayas,1120.05,0.4607,9,60,2024.6,698,0.00382,0.5674,1826.81,3.96,0,Deficiente
EC-001330,Consumo,Azuay,1477.73,0.3748,76,120,6519.42,618,0.02209,0.6061,6219.82,83.27,0,Pérdida
EC-001331,Vivienda,Pichincha,1127.13,0.839,141,45,37486.75,636,0.01219,0.25,27898.25,85.02,0,Deficiente
EC-001332,Microcrédito,Imbabura,799.18,0.6406,64,5,2082.32,649,0.00353,0.6368,1853.81,4.16,0,Vigilancia
EC-001333,Microcrédito,Los Ríos,2546.85,0.0695,70,30,2559.65,781,0.002,0.6209,2273.83,2.82,0,Vigilancia
EC-001334,Comercial,Los Ríos,2572.12,0.4286,179,0,16703.55,778,0.002,0.5538,14865.95,16.46,0,Normal
EC-001335,Comercial,Loja,6670.93,0.2847,178,5,27145.46,876,0.002,0.4649,24020.12,22.33,0,Vigilancia
EC-001336,Vivienda,El Oro,1430.21,0.0779,84,120,23085.76,716,0.00422,0.25,21300.64,22.47,0,Pérdida
EC-001337,Consumo,Chimborazo,2677.04,0.1981,8,0,2649.91,829,0.002,0.553,2534.19,2.8,0,Normal
EC-001338,Productivo,El Oro,2706.1,0.2826,123,45,10092.78,733,0.002,0.5667,7915.64,8.97,0,Deficiente
EC-001339,Vivienda,Azuay,1872.45,0.6743,129,0,108692.51,693,0.00204,0.25,81440.89,41.58,0,Normal
EC-001340,Microcrédito,Loja,3582.5,0.2767,165,0,3361.11,839,0.002,0.4812,2489.62,2.4,0,Normal
EC-001341,Consumo,Imbabura,3655.17,0.2408,171,15,3551.85,843,0.002,0.4083,2714.89,2.22,0,Vigilancia
EC-001342,Vivienda,Manabí,2732.08,0.1396,114,45,54448.1,804,0.002,0.25,49202.94,24.6,0,Deficiente
EC-001343,Microcrédito,Los Ríos,1870.26,0.6745,20,5,3068.56,767,0.002,0.5023,2567.22,2.58,0,Vigilancia
EC-001344,Microcrédito,Los Ríos,1750.41,0.0972,45,45,6548.77,766,0.002,0.6242,5355.96,6.69,0,Deficiente
EC-001345,Comercial,Pichincha,907.74,0.3797,130,0,24084.4,799,0.002,0.603,23477.14,28.31,0,Normal
EC-001346,Productivo,Imbabura,1307.87,0.272,110,90,8770.68,638,0.00856,0.678,8525.53,49.46,0,Dudoso
EC-001347,Microcrédito,Loja,1473.94,0.337,79,15,3027.69,787,0.002,0.5709,2636.78,3.01,0,Vigilancia
EC-001348,Microcrédito,El Oro,1063.6,0.1841,73,45,2648.73,821,0.002,0.4272,2247.13,1.92,0,Deficiente
EC-001349,Microcrédito,Azuay,2939.37,0.4584,128,0,5509.57,750,0.002,0.5735,4384.09,5.03,0,Normal
EC-001350,Consumo,Loja,4806.9,0.2045,77,0,10132.21,871,0.002,0.6234,8599.95,10.72,0,Normal
EC-001351,Vivienda,Loja,1223.85,0.2232,28,90,15778.74,744,0.00245,0.25,13176.15,8.08,0,Dudoso
EC-001352,Vivienda,Pichincha,2655.1,0.4484,177,0,29921.6,763,0.002,0.25,21601.8,10.8,0,Normal
EC-001353,Consumo,Imbabura,1127.58,0.3415,63,0,5621.64,809,0.002,0.5541,5241.62,5.81,0,Normal
EC-001354,Consumo,Guayas,1811.3,0.4398,51,30,7252.75,788,0.002,0.3585,6112.62,4.38,0,Vigilancia
EC-001355,Vivienda,Loja,1409.92,0.3568,13,30,61127.29,750,0.002,0.25,47825.86,23.91,0,Vigilancia
EC-001356,Consumo,Guayas,3265.71,0.0522,85,60,2056.2,821,0.002,0.4021,1864.06,1.5,0,Deficiente
EC-001357,Microcrédito,Guayas,1420.53,0.2164,178,30,2428.16,732,0.002,0.4864,2052.64,2.0,0,Vigilancia
EC-001358,Microcrédito,Loja,4262.36,0.1238,29,120,7676.68,709,0.00453,0.6447,6201.56,18.1,1,Pérdida
EC-001359,Productivo,Chimborazo,1882.36,0.464,45,0,4002.91,785,0.002,0.412,3140.79,2.59,0,Normal
EC-001360,Consumo,Chimborazo,1447.74,0.0275,33,5,12645.33,809,0.002,0.3734,9314.04,6.96,0,Vigilancia
EC-001361,Productivo,Loja,977.85,0.3716,17,45,10178.04,682,0.00292,0.6064,8761.72,15.52,0,Deficiente
EC-001362,Microcrédito,El Oro,2603.42,0.0534,109,15,13018.45,877,0.002,0.6364,10741.84,13.67,0,Vigilancia
EC-001363,Productivo,Chimborazo,3951.66,0.176,54,0,31695.45,831,0.002,0.5254,23178.64,24.35,0,Normal
EC-001364,Consumo,Azuay,2637.69,0.1707,136,0,12110.51,890,0.002,0.4743,11474.39,10.88,0,Normal
EC-001365,Microcrédito,Chimborazo,9463.91,0.3655,73,0,1823.26,821,0.002,0.4921,1725.39,1.7,0,Normal
EC-001366,Microcrédito,Guayas,5593.51,0.3107,115,30,2106.95,787,0.002,0.5675,1806.09,2.05,0,Vigilancia
EC-001367,Consumo,Azuay,1808.24,0.6843,17,0,1645.77,705,0.002,0.6243,1571.54,1.96,0,Normal
EC-001368,Consumo,Loja,1795.94,0.1569,60,30,5237.16,809,0.002,0.4125,4476.11,3.69,0,Vigilancia
EC-001369,Consumo,Pichincha,2996.81,0.3033,75,45,2283.56,781,0.002,0.6477,1752.16,2.27,0,Deficiente
EC-001370,Microcrédito,Los Ríos,1280.86,0.1106,11,0,1400.9,857,0.002,0.5669,1211.67,1.37,0,Normal
EC-001371,Consumo,Los Ríos,4713.04,0.6968,76,5,5582.53,706,0.002,0.5936,4508.0,5.35,0,Vigilancia
EC-001372,Comercial,Loja,2793.47,0.4885,85,0,52380.99,816,0.002,0.3787,44349.0,33.59,0,Normal
EC-001373,Microcrédito,Los Ríos,2608.94,0.5162,73,0,1381.25,786,0.002,0.6531,1369.9,1.79,0,Normal
EC-001374,Vivienda,Imbabura,3451.35,0.2473,91,0,38549.74,844,0.002,0.25,31593.38,15.8,0,Normal
EC-001375,Comercial,Los Ríos,6767.18,0.3235,144,0,26522.52,829,0.002,0.4695,20699.48,19.44,0,Normal
EC-001376,Consumo,Los Ríos,2467.9,0.5788,139,45,8940.78,713,0.00297,0.4816,6759.18,9.68,0,Deficiente
EC-001377,Productivo,El Oro,2051.9,0.6642,3,0,19499.36,650,0.0032,0.4467,18865.63,26.93,0,Normal
EC-001378,Vivienda,Guayas,5887.98,0.508,116,0,15752.74,789,0.002,0.25,11407.86,5.7,0,Normal
EC-001379,Productivo,Chimborazo,4141.89,0.8231,163,0,4169.52,763,0.002,0.3614,4061.47,2.94,0,Normal
EC-001380,Microcrédito,Tungurahua,1792.49,0.51,157,45,1519.71,716,0.00257,0.4373,1120.48,1.26,0,Deficiente
EC-001381,Microcrédito,Chimborazo,2215.81,0.2494,59,5,8745.64,816,0.002,0.5139,8139.96,8.37,0,Vigilancia
EC-001382,Consumo,Chimborazo,2507.39,0.2473,141,0,15082.21,812,0.002,0.57,12099.29,13.79,0,Normal
EC-001383,Microcrédito,Guayas,2793.86,0.1647,145,90,2596.58,749,0.002,0.592,2051.23,2.43,0,Dudoso
EC-001384,Comercial,Manabí,914.35,0.2983,66,0,23351.67,795,0.002,0.5465,17989.7,19.66,0,Normal
EC-001385,Comercial,Guayas,810.28,0.2913,157,0,10415.33,857,0.002,0.3883,7891.32,6.13,0,Normal
EC-001386,Consumo,Pichincha,1240.41,0.1963,114,0,3666.47,806,0.002,0.4924,2707.85,2.67,0,Normal
EC-001387,Productivo,Chimborazo,1179.59,0.3679,136,30,10682.05,741,0.002,0.5702,8154.81,9.3,0,Vigilancia
EC-001388,Consumo,Chimborazo,1453.19,0.3737,135,45,3694.55,717,0.002,0.5952,3268.84,3.89,0,Deficiente
EC-001389,Comercial,Chimborazo,3336.11,0.2905,141,0,13012.68,890,0.002,0.4571,11444.78,10.46,0,Normal
EC-001390,Consumo,Los Ríos,1978.7,0.205,173,45,3191.71,773,0.002,0.6564,2549.22,3.35,0,Deficiente
EC-001391,Comercial,Tungurahua,2509.04,0.4669,155,30,31459.31,723,0.002,0.6125,28639.52,35.08,0,Vigilancia
EC-001392,Vivienda,El Oro,996.45,0.0745,77,60,44651.45,702,0.002,0.25,41771.25,20.89,0,Deficiente
EC-001393,Consumo,Chimborazo,1635.87,0.7472,102,90,2374.37,557,0.05113,0.57,2361.19,68.8,0,Dudoso
EC-001394,Consumo,El Oro,3234.78,0.397,117,30,3729.99,779,0.002,0.4865,3144.88,3.06,0,Vigilancia
EC-001395,Vivienda,Tungurahua,3251.0,0.1739,155,0,69685.06,871,0.002,0.25,57482.15,28.74,0,Normal
EC-001396,Consumo,Azuay,1378.88,0.1564,71,0,9581.04,816,0.002,0.6475,9509.08,12.31,0,Normal
EC-001397,Microcrédito,Imbabura,2453.03,0.2033,57,90,2814.76,689,0.00411,0.6234,2769.17,7.09,0,Dudoso
EC-001398,Comercial,Los Ríos,9221.11,0.3423,133,5,14116.25,883,0.002,0.6441,13827.51,17.81,0,Vigilancia
EC-001399,Microcrédito,Tungurahua,2183.23,0.3025,172,0,1867.16,900,0.002,0.6525,1662.63,2.17,0,Normal
EC-001400,Microcrédito,Manabí,1407.3,0.301,165,90,1352.88,734,0.00318,0.5963,1208.07,2.29,0,Dudoso
EC-001401,Microcrédito,Guayas,1972.49,0.102,27,60,5953.63,821,0.002,0.4161,5833.57,4.85,0,Deficiente
EC-001402,Consumo,Pichincha,2344.71,0.4317,166,30,1786.79,811,0.002,0.5277,1526.55,1.61,0,Vigilancia
EC-001403,Comercial,Tungurahua,2001.68,0.569,143,60,26977.7,753,0.0025,0.5533,21036.48,29.13,0,Deficiente
EC-001404,Consumo,Tungurahua,2163.8,0.4412,29,0,8845.24,760,0.002,0.6052,8808.73,10.66,0,Normal
EC-001405,Consumo,Imbabura,864.16,0.5723,2,30,3729.87,655,0.00449,0.5134,3564.93,8.21,0,Vigilancia
EC-001406,Consumo,Chimborazo,1181.2,0.1643,37,120,3924.87,732,0.00427,0.5192,2887.51,6.4,0,Pérdida
EC-001407,Comercial,Manabí,2004.06,0.0862,168,0,56260.81,834,0.002,0.6785,42279.45,57.38,0,Normal
EC-001408,Consumo,Los Ríos,1983.42,0.5476,136,0,11037.57,726,0.002,0.4992,10673.25,10.66,0,Normal
EC-001409,Vivienda,Imbabura,1528.4,0.6211,104,45,37823.02,643,0.0072,0.25,30421.22,54.73,0,Deficiente
EC-001410,Productivo,Azuay,1968.33,0.2908,114,0,21352.55,815,0.002,0.5842,19537.33,22.83,0,Normal
EC-001411,Vivienda,Los Ríos,2297.69,0.5204,75,0,33446.49,692,0.002,0.25,25184.88,12.59,0,Normal
EC-001412,Comercial,Pichincha,3936.78,0.2628,163,0,19187.01,784,0.002,0.432,14730.82,12.73,0,Normal
EC-001413,Vivienda,El Oro,2070.43,0.0795,29,0,56672.69,832,0.002,0.25,52663.82,26.33,0,Normal
EC-001414,Comercial,Chimborazo,2862.4,0.1818,57,0,23320.28,796,0.002,0.6649,23185.07,30.83,0,Normal
EC-001415,Consumo,Tungurahua,1553.02,0.2254,37,60,8229.37,774,0.002,0.4532,7082.32,6.42,0,Deficiente
EC-001416,Vivienda,Chimborazo,3203.06,0.3129,153,15,26566.51,800,0.002,0.25,19447.12,9.72,0,Vigilancia
EC-001417,Microcrédito,Pichincha,2819.25,0.3365,98,30,4194.44,789,0.002,0.5036,3295.19,3.32,0,Vigilancia
EC-001418,Microcrédito,El Oro,3876.86,0.1267,124,0,5192.51,881,0.002,0.577,4047.86,4.67,0,Normal
EC-001419,Vivienda,Imbabura,3511.33,0.5475,166,0,15528.97,760,0.002,0.25,15247.53,7.62,0,Normal
EC-001420,Comercial,Tungurahua,3237.89,0.2663,36,0,73878.31,851,0.002,0.4903,61862.89,60.66,0,Normal
EC-001421,Productivo,Los Ríos,2071.5,0.2009,174,60,3346.37,777,0.002,0.5813,3297.34,3.83,0,Deficiente
EC-001422,Microcrédito,Manabí,2589.48,0.1896,23,120,7506.32,656,0.00978,0.6751,7211.2,47.63,0,Pérdida
EC-001423,Microcrédito,Tungurahua,4408.46,0.0904,136,0,1710.54,816,0.002,0.4544,1447.51,1.32,0,Normal
EC-001424,Microcrédito,Manabí,1445.41,0.5272,127,120,5349.79,619,0.02934,0.5432,3889.09,61.98,0,Pérdida
EC-001425,Microcrédito,Los Ríos,1467.82,0.1201,149,0,4317.41,813,0.002,0.6122,4284.71,5.25,0,Normal
EC-001426,Microcrédito,Guayas,2484.76,0.2748,29,0,5982.3,824,0.002,0.42,4324.13,3.63,0,Normal
EC-001427,Consumo,Azuay,2892.66,0.4941,173,30,3359.08,740,0.002,0.62,3223.77,4.0,0,Vigilancia
EC-001428,Consumo,Pichincha,1292.5,0.0877,143,0,9206.39,815,0.002,0.4671,7693.83,7.19,0,Normal
EC-001429,Vivienda,Imbabura,2103.6,0.2784,20,90,24969.43,694,0.0046,0.25,20084.57,23.1,0,Dudoso
EC-001430,Microcrédito,Azuay,2077.46,0.3195,101,0,2724.33,818,0.002,0.3582,2272.97,1.63,0,Normal
EC-001431,Comercial,Loja,523.25,0.2667,148,45,11959.17,759,0.002,0.3609,9805.73,7.08,0,Deficiente
EC-001432,Productivo,Los Ríos,1914.6,0.4069,86,0,27818.31,793,0.002,0.6132,25396.82,31.15,0,Normal
EC-001433,Consumo,Loja,1993.69,0.1824,69,0,6970.79,814,0.002,0.5727,6136.82,7.03,0,Normal
EC-001434,Consumo,Guayas,1989.84,0.2619,50,0,4871.41,835,0.002,0.6119,3857.83,4.72,0,Normal
EC-001435,Consumo,Pichincha,5543.29,0.4584,93,120,4294.17,601,0.02703,0.5985,3726.05,60.28,0,Pérdida
EC-001436,Comercial,Azuay,1001.98,0.4124,178,5,9927.41,741,0.002,0.4757,8273.36,7.87,0,Vigilancia
EC-001437,Consumo,Chimborazo,1292.06,0.2617,110,5,2261.76,838,0.002,0.6579,2211.51,2.91,0,Vigilancia
EC-001438,Microcrédito,El Oro,450.0,0.371,130,0,7047.47,820,0.002,0.6397,6835.1,8.75,0,Normal
EC-001439,Comercial,Chimborazo,1615.51,0.1297,141,0,9886.84,877,0.002,0.465,8827.53,8.21,0,Normal
EC-001440,Comercial,Azuay,1707.58,0.3233,141,0,36303.61,804,0.002,0.6051,35951.57,43.51,0,Normal
EC-001441,Consumo,Loja,1585.28,0.3115,73,45,2397.9,677,0.00269,0.6205,1978.35,3.3,0,Deficiente
EC-001442,Consumo,Guayas,4536.86,0.7985,139,0,3920.39,764,0.002,0.5112,2919.25,2.98,0,Normal
EC-001443,Consumo,Loja,3863.78,0.1026,60,0,6132.04,791,0.002,0.3897,4496.89,3.51,0,Normal
EC-001444,Consumo,El Oro,2322.98,0.5017,106,5,4366.94,785,0.002,0.4602,4163.29,3.83,0,Vigilancia
EC-001445,Consumo,Los Ríos,1735.59,0.4248,55,5,6800.07,844,0.002,0.6763,5626.22,7.61,0,Vigilancia
EC-001446,Microcrédito,Loja,4302.81,0.0651,170,0,3492.12,886,0.002,0.5863,3355.5,3.93,0,Normal
EC-001447,Comercial,Imbabura,2180.17,0.3159,132,0,32919.66,826,0.002,0.6057,27930.55,33.83,0,Normal
EC-001448,Microcrédito,Tungurahua,1297.41,0.5475,106,0,4381.72,768,0.002,0.6509,3168.54,4.13,0,Normal
EC-001449,Productivo,Azuay,723.74,0.3418,82,30,12668.21,758,0.002,0.4169,10996.28,9.17,0,Vigilancia
EC-001450,Consumo,Chimborazo,1657.63,0.5714,94,0,14270.72,832,0.002,0.6696,12650.61,16.94,0,Normal
EC-001451,Vivienda,Manabí,3606.59,0.4075,141,15,19307.57,750,0.002,0.25,16342.36,8.17,0,Vigilancia
EC-001452,Productivo,Guayas,9698.73,0.283,50,0,19970.98,792,0.002,0.5957,19065.28,22.72,0,Normal
EC-001453,Vivienda,Chimborazo,2298.58,0.0351,150,90,24428.64,748,0.002,0.25,21993.65,11.0,0,Dudoso
EC-001454,Comercial,Chimborazo,1342.81,0.4582,51,120,11458.53,665,0.01579,0.4587,9420.37,68.21,0,Pérdida
EC-001455,Microcrédito,Pichincha,1022.26,0.4199,26,0,3363.09,747,0.002,0.4687,3098.49,2.9,0,Normal
EC-001456,Consumo,Chimborazo,3161.4,0.6858,133,0,4979.37,750,0.002,0.4649,4030.76,3.75,0,Normal
EC-001457,Consumo,Chimborazo,701.34,0.5945,128,0,2462.84,778,0.002,0.3706,2351.51,1.74,0,Normal
EC-001458,Microcrédito,Los Ríos,3158.1,0.2287,61,45,1064.45,795,0.002,0.4522,849.89,0.77,0,Deficiente
EC-001459,Comercial,Azuay,3757.51,0.462,117,0,17692.5,823,0.002,0.5636,16040.92,18.08,0,Normal
EC-001460,Microcrédito,Tungurahua,2932.42,0.3366,132,5,7339.89,857,0.002,0.6477,6137.8,7.95,0,Vigilancia
EC-001461,Vivienda,El Oro,1914.52,0.2175,142,0,43072.48,848,0.002,0.25,32232.49,16.12,0,Normal
EC-001462,Microcrédito,Tungurahua,3188.2,0.3184,172,0,14557.99,803,0.002,0.3555,13048.58,9.28,0,Normal
EC-001463,Consumo,Tungurahua,2467.87,0.3661,154,15,6177.03,790,0.002,0.5455,5109.98,5.57,0,Vigilancia
EC-001464,Microcrédito,Tungurahua,1331.71,0.2139,80,5,4436.55,809,0.002,0.5809,3982.22,4.63,0,Vigilancia
EC-001465,Productivo,El Oro,7352.3,0.4416,42,45,16735.7,813,0.002,0.5507,14579.69,16.06,0,Deficiente
EC-001466,Productivo,Tungurahua,1757.08,0.3375,18,45,19866.0,711,0.002,0.6711,14534.89,19.51,0,Deficiente
EC-001467,Microcrédito,El Oro,3656.42,0.598,104,5,4038.02,763,0.002,0.4255,3139.13,2.67,0,Vigilancia
EC-001468,Consumo,Pichincha,458.47,0.3086,120,0,3543.05,749,0.002,0.5088,3245.86,3.3,0,Normal
EC-001469,Productivo,Pichincha,5062.96,0.1203,125,90,12406.25,752,0.002,0.6522,10557.02,13.77,0,Dudoso
EC-001470,Consumo,Chimborazo,5737.03,0.3866,2,45,4587.34,717,0.002,0.5538,3902.05,4.32,0,Deficiente
EC-001471,Comercial,Chimborazo,2251.59,0.422,127,60,16032.62,734,0.00228,0.5405,11554.25,14.21,0,Deficiente
EC-001472,Consumo,El Oro,3175.44,0.2295,142,180,6835.46,702,0.01827,0.6578,5501.07,66.11,0,Pérdida
EC-001473,Consumo,Guayas,3174.91,0.3366,130,0,6160.33,864,0.002,0.4618,5590.2,5.16,0,Normal
EC-001474,Microcrédito,Imbabura,1454.17,0.1424,95,15,1521.14,874,0.002,0.4019,1473.01,1.18,0,Vigilancia
EC-001475,Microcrédito,Guayas,3151.49,0.2566,3,15,1126.03,790,0.002,0.3926,991.72,0.78,0,Vigilancia
EC-001476,Microcrédito,Loja,1305.56,0.209,89,0,2501.49,797,0.002,0.6212,2179.75,2.71,0,Normal
EC-001477,Microcrédito,Loja,1486.69,0.2824,117,5,2775.2,783,0.002,0.6328,2363.6,2.99,0,Vigilancia
EC-001478,Comercial,Pichincha,4594.03,0.3971,103,0,12848.22,812,0.002,0.4272,11691.55,9.99,0,Normal
EC-001479,Microcrédito,Los Ríos,4161.07,0.6659,104,0,4727.87,744,0.002,0.5008,4460.63,4.47,0,Normal
EC-001480,Microcrédito,El Oro,1395.29,0.1082,93,0,3722.98,863,0.002,0.543,2910.59,3.16,0,Normal
EC-001481,Microcrédito,Loja,1370.84,0.0243,100,30,2787.8,815,0.002,0.3959,2564.53,2.03,0,Vigilancia
EC-001482,Consumo,El Oro,1451.51,0.302,59,15,10634.76,834,0.002,0.6301,8383.16,10.56,0,Vigilancia
EC-001483,Productivo,Pichincha,3555.37,0.1877,109,0,8010.26,797,0.002,0.4882,5838.69,5.7,0,Normal
EC-001484,Consumo,Manabí,1152.87,0.5589,51,0,2090.96,720,0.002,0.6349,1549.21,1.97,0,Normal
EC-001485,Productivo,El Oro,2784.61,0.5862,89,0,99880.67,713,0.002,0.6008,73215.69,87.98,0,Normal
EC-001486,Consumo,Loja,3588.36,0.6651,75,0,4071.35,725,0.002,0.4473,3250.77,2.91,0,Normal
EC-001487,Comercial,Los Ríos,2085.24,0.6448,129,0,7352.75,783,0.002,0.5865,5555.8,6.52,0,Normal
EC-001488,Microcrédito,Azuay,4257.94,0.0821,162,0,2333.35,866,0.002,0.5944,1735.68,2.06,0,Normal
EC-001489,Vivienda,Guayas,1812.02,0.3866,114,60,21700.33,719,0.00254,0.25,16520.99,10.51,0,Deficiente
EC-001490,Microcrédito,El Oro,1921.75,0.3428,25,0,2733.21,815,0.002,0.4337,1997.14,1.73,0,Normal
EC-001491,Consumo,Los Ríos,1170.04,0.5339,121,5,6728.81,741,0.002,0.6217,5492.02,6.83,0,Vigilancia
EC-001492,Vivienda,Loja,4277.68,0.3098,59,60,37090.81,745,0.002,0.25,35250.68,17.63,0,Deficiente
EC-001493,Productivo,Pichincha,1341.79,0.3924,9,0,42675.57,782,0.002,0.5941,37343.6,44.37,0,Normal
EC-001494,Vivienda,Chimborazo,2772.08,0.1735,35,60,16632.7,715,0.002,0.25,12278.1,6.14,0,Deficiente
EC-001495,Microcrédito,Manabí,2108.32,0.5216,180,0,11750.77,752,0.002,0.5883,9694.13,11.41,0,Normal
EC-001496,Productivo,Guayas,1113.98,0.0262,77,0,22662.59,880,0.002,0.5857,19044.59,22.31,0,Normal
EC-001497,Vivienda,Tungurahua,1486.36,0.2409,37,0,50756.95,859,0.002,0.25,38995.31,19.5,0,Normal
EC-001498,Productivo,Loja,5425.51,0.1527,25,5,29025.19,883,0.002,0.4393,23929.62,21.02,0,Vigilancia
EC-001499,Microcrédito,Chimborazo,2517.64,0.358,118,120,5635.89,719,0.00692,0.4924,4589.25,15.64,0,Pérdida
EC-001500,Productivo,Azuay,1146.02,0.1051,137,15,8190.75,855,0.002,0.5939,7029.84,8.35,0,Vigilancia
EC-001501,Productivo,El Oro,2693.14,0.131,64,5,8465.58,829,0.002,0.4139,7748.05,6.41,0,Vigilancia
EC-001502,Comercial,El Oro,2008.26,0.2068,19,0,49635.43,820,0.002,0.6385,42392.35,54.14,0,Normal
EC-001503,Microcrédito,Azuay,18000.0,0.423,64,90,1462.69,677,0.00424,0.4342,1083.42,2.0,0,Dudoso
EC-001504,Microcrédito,Manabí,2658.0,0.3797,120,0,4381.97,789,0.002,0.6271,3222.78,4.04,0,Normal
EC-001505,Vivienda,Guayas,1724.33,0.3405,21,0,38017.2,803,0.002,0.25,36824.55,18.41,0,Normal
EC-001506,Microcrédito,Tungurahua,5558.14,0.2778,49,180,6852.26,674,0.02497,0.594,6266.63,92.94,0,Pérdida
EC-001507,Vivienda,Imbabura,667.36,0.5863,1,0,20932.62,679,0.00208,0.25,18923.3,9.84,0,Normal
EC-001508,Microcrédito,Chimborazo,2347.97,0.2656,85,0,4646.95,860,0.002,0.5683,4534.01,5.15,0,Normal
EC-001509,Consumo,Loja,8073.79,0.5442,31,0,5513.25,696,0.002,0.6715,4805.47,6.45,0,Normal
EC-001510,Vivienda,Azuay,2047.7,0.2042,36,0,77992.47,818,0.002,0.25,57764.54,28.88,0,Normal
EC-001511,Consumo,El Oro,715.77,0.4077,21,45,6549.27,745,0.002,0.3992,6025.51,4.81,0,Deficiente
EC-001512,Consumo,Tungurahua,1707.27,0.2088,132,0,13162.07,859,0.002,0.3761,10074.72,7.58,0,Normal
EC-001513,Productivo,Chimborazo,5684.15,0.5301,89,120,44399.72,596,0.03275,0.5215,40249.88,687.39,0,Pérdida
EC-001514,Vivienda,Pichincha,2819.87,0.4409,171,0,23626.43,859,0.002,0.25,19661.87,9.83,0,Normal
EC-001515,Vivienda,Azuay,1280.16,0.5517,72,5,17703.68,725,0.002,0.25,12886.56,6.44,0,Vigilancia
EC-001516,Consumo,Azuay,1414.59,0.1648,40,15,9035.8,742,0.002,0.6072,6646.27,8.07,0,Vigilancia
EC-001517,Consumo,Azuay,1534.86,0.2254,37,5,3911.13,827,0.002,0.4929,3245.99,3.2,0,Vigilancia
EC-001518,Comercial,Manabí,2792.74,0.1874,172,0,75637.98,786,0.002,0.6607,67050.96,88.6,0,Normal
EC-001519,Consumo,Los Ríos,5270.22,0.0924,107,5,11027.77,838,0.002,0.4763,8467.69,8.07,0,Vigilancia
EC-001520,Consumo,Pichincha,4376.81,0.1304,59,15,2935.34,856,0.002,0.6749,2201.18,2.97,0,Vigilancia
EC-001521,Consumo,Los Ríos,2970.27,0.3187,118,60,3765.63,721,0.0021,0.5337,3107.94,3.48,0,Deficiente
EC-001522,Microcrédito,Tungurahua,929.3,0.2172,101,0,2015.59,847,0.002,0.6767,1905.08,2.58,0,Normal
EC-001523,Vivienda,Tungurahua,931.54,0.3053,21,0,33677.04,751,0.002,0.25,31640.3,15.82,0,Normal
EC-001524,Vivienda,Tungurahua,3123.2,0.2274,127,5,109078.23,863,0.002,0.25,99431.27,49.72,0,Vigilancia
EC-001525,Productivo,Guayas,920.99,0.2086,22,0,28054.86,755,0.002,0.6151,23540.83,28.96,0,Normal
EC-001526,Consumo,Imbabura,1907.18,0.3603,36,0,10460.4,835,0.002,0.5107,8825.88,9.01,0,Normal
EC-001527,Microcrédito,Azuay,2691.08,0.1929,129,120,2181.57,668,0.00865,0.4519,1708.75,6.68,0,Pérdida
EC-001528,Microcrédito,El Oro,1054.23,0.2359,81,0,4237.69,874,0.002,0.5079,3213.86,3.26,0,Normal
EC-001529,Consumo,Tungurahua,1134.82,0.1084,40,0,5988.48,813,0.002,0.6377,4338.27,5.53,0,Normal
EC-001530,Consumo,Tungurahua,2077.29,0.1868,13,5,11200.18,886,0.002,0.5917,10761.6,12.73,0,Vigilancia
EC-001531,Consumo,Loja,3063.68,0.407,107,0,7406.11,762,0.002,0.4073,6361.34,5.18,0,Normal
EC-001532,Consumo,Loja,4402.76,0.5145,126,0,11554.0,714,0.002,0.6267,8328.72,10.44,0,Normal
EC-001533,Microcrédito,Manabí,3276.68,0.4266,37,0,1698.91,781,0.002,0.4924,1474.94,1.45,0,Normal
EC-001534,Productivo,Pichincha,2316.65,0.5185,75,0,22886.79,805,0.002,0.3773,18133.9,13.69,0,Normal
EC-001535,Consumo,Imbabura,1359.64,0.062,62,0,10002.62,887,0.002,0.3986,8398.81,6.69,0,Normal
EC-001536,Microcrédito,Pichincha,1100.93,0.2329,161,45,2481.52,808,0.002,0.3718,2253.9,1.68,0,Deficiente
EC-001537,Vivienda,Manabí,1584.35,0.1389,143,0,50327.23,882,0.002,0.25,47646.22,23.82,0,Normal
EC-001538,Vivienda,Tungurahua,2882.63,0.2093,50,0,133177.71,802,0.002,0.25,122008.75,61.0,0,Normal
EC-001539,Vivienda,Pichincha,2748.49,0.0444,93,5,11072.84,896,0.002,0.25,10751.33,5.38,0,Vigilancia
EC-001540,Microcrédito,Chimborazo,564.01,0.1844,167,0,1624.24,836,0.002,0.4707,1276.21,1.2,0,Normal
EC-001541,Vivienda,Loja,1325.19,0.2715,63,0,29868.51,786,0.002,0.25,27036.61,13.52,0,Normal
EC-001542,Consumo,Pichincha,4831.59,0.3552,26,0,1208.9,804,0.002,0.5575,1171.61,1.31,0,Normal
EC-001543,Microcrédito,Tungurahua,2325.03,0.4096,54,0,3798.24,781,0.002,0.5105,3062.82,3.13,0,Normal
EC-001544,Consumo,El Oro,879.14,0.1697,110,0,9411.72,888,0.002,0.592,8883.22,10.52,0,Normal
EC-001545,Microcrédito,Tungurahua,10211.64,0.5568,179,0,1809.46,758,0.002,0.375,1779.17,1.33,0,Normal
EC-001546,Microcrédito,Imbabura,2167.19,0.6122,56,60,1747.5,635,0.00984,0.6413,1573.25,9.93,0,Deficiente
EC-001547,Consumo,Manabí,2835.06,0.6733,11,180,5537.76,530,0.23248,0.4087,4241.89,402.99,0,Pérdida
EC-001548,Vivienda,Los Ríos,2863.19,0.618,33,60,109027.49,719,0.00391,0.25,86463.25,84.48,0,Deficiente
EC-001549,Consumo,Loja,1739.0,0.2914,75,0,8855.38,789,0.002,0.4696,8061.89,7.57,0,Normal
EC-001550,Consumo,El Oro,1376.19,0.2717,17,30,7651.6,808,0.002,0.3693,7364.89,5.44,0,Vigilancia
EC-001551,Consumo,Guayas,8769.97,0.1151,7,5,6459.81,813,0.002,0.4051,4694.03,3.8,0,Vigilancia
EC-001552,Microcrédito,Tungurahua,4239.0,0.4553,119,0,8971.77,808,0.002,0.5939,7279.45,8.65,0,Normal
EC-001553,Consumo,Azuay,3767.85,0.3204,149,90,5608.36,708,0.00404,0.4836,4404.8,8.6,0,Dudoso
EC-001554,Microcrédito,Tungurahua,3211.8,0.6622,42,30,6400.35,729,0.00221,0.3523,5364.62,4.17,0,Vigilancia
EC-001555,Consumo,Los Ríos,1150.38,0.1866,95,0,3843.82,873,0.002,0.5624,3594.64,4.04,0,Normal
EC-001556,Vivienda,Los Ríos,5066.44,0.3381,104,120,79241.02,657,0.01189,0.25,68209.53,202.83,0,Pérdida
EC-001557,Comercial,Chimborazo,1276.61,0.2559,121,0,25535.16,805,0.002,0.6476,22091.01,28.61,0,Normal
EC-001558,Microcrédito,Guayas,2654.83,0.2991,177,0,1769.22,879,0.002,0.401,1575.54,1.26,0,Normal
EC-001559,Productivo,Guayas,760.82,0.6605,160,0,24852.75,704,0.002,0.6329,21482.43,27.19,0,Normal
EC-001560,Vivienda,Chimborazo,586.07,0.1421,57,0,47168.94,752,0.002,0.25,43051.71,21.53,0,Normal
EC-001561,Comercial,Loja,2715.93,0.2372,176,120,31446.17,609,0.0178,0.536,23583.7,225.01,0,Pérdida
EC-001562,Productivo,Pichincha,1305.17,0.2898,7,5,9443.19,733,0.002,0.4364,6859.38,5.99,0,Vigilancia
EC-001563,Vivienda,Azuay,606.1,0.3725,174,0,49749.61,811,0.002,0.25,47336.81,23.67,0,Normal
EC-001564,Comercial,Los Ríos,3138.17,0.1885,26,30,116296.92,869,0.002,0.4154,99328.53,82.53,0,Vigilancia
EC-001565,Vivienda,Loja,8760.89,0.4166,21,60,47293.77,636,0.00525,0.25,38003.98,49.92,0,Deficiente
EC-001566,Microcrédito,Pichincha,5449.15,0.2549,22,90,3505.33,672,0.00493,0.5822,2969.74,8.52,0,Dudoso
EC-001567,Consumo,Imbabura,1868.22,0.5078,22,90,10002.64,634,0.01399,0.4132,9022.64,52.16,0,Dudoso
EC-001568,Consumo,Guayas,2221.08,0.1027,84,90,7558.93,791,0.002,0.4334,5700.02,4.94,0,Dudoso
EC-001569,Microcrédito,Loja,3932.42,0.0366,116,5,3333.57,851,0.002,0.6474,2888.91,3.74,0,Vigilancia
EC-001570,Microcrédito,Pichincha,4579.67,0.2435,135,0,1504.92,861,0.002,0.5057,1130.19,1.14,0,Normal
EC-001571,Microcrédito,Tungurahua,1766.41,0.3434,3,90,3319.89,656,0.00799,0.5319,3189.35,13.55,0,Dudoso
EC-001572,Microcrédito,Manabí,2257.96,0.1259,54,0,7518.88,900,0.002,0.6663,6597.57,8.79,0,Normal
EC-001573,Microcrédito,Los Ríos,2684.9,0.4784,24,0,4451.49,768,0.002,0.4183,4215.74,3.53,0,Normal
EC-001574,Vivienda,Loja,3165.35,0.4852,27,0,34221.54,776,0.002,0.25,31548.21,15.77,0,Normal
EC-001575,Consumo,Azuay,2025.36,0.1309,135,0,5260.58,861,0.002,0.6054,4988.46,6.04,0,Normal
EC-001576,Consumo,Guayas,2042.53,0.3098,116,5,1417.06,795,0.002,0.4554,1155.9,1.05,0,Vigilancia
EC-001577,Vivienda,Azuay,5414.8,0.1482,38,90,38893.71,760,0.002,0.25,29522.25,14.76,0,Dudoso
EC-001578,Vivienda,Manabí,4847.35,0.4084,55,0,15091.9,750,0.002,0.25,14633.85,7.32,0,Normal
EC-001579,Comercial,Pichincha,3011.87,0.0913,167,0,58119.24,801,0.002,0.3828,56241.94,43.06,0,Normal
EC-001580,Vivienda,Manabí,6750.83,0.1248,104,0,64660.56,863,0.002,0.25,62547.22,31.27,0,Normal
EC-001581,Vivienda,Los Ríos,1717.82,0.148,43,15,99187.21,846,0.002,0.25,98889.26,49.44,0,Vigilancia
EC-001582,Consumo,Imbabura,6341.89,0.3092,169,0,5716.2,808,0.002,0.6135,5069.85,6.22,0,Normal
EC-001583,Microcrédito,Tungurahua,3142.06,0.1504,36,0,5218.23,849,0.002,0.5001,4505.94,4.51,0,Normal
EC-001584,Consumo,Los Ríos,18000.0,0.4106,53,15,7426.05,740,0.002,0.4393,7004.65,6.15,0,Vigilancia
EC-001585,Productivo,Imbabura,1017.28,0.4206,125,0,23930.6,821,0.002,0.4887,17968.0,17.56,0,Normal
EC-001586,Comercial,Tungurahua,1410.82,0.634,93,0,31220.96,756,0.002,0.497,29324.38,29.15,0,Normal
EC-001587,Microcrédito,Los Ríos,2899.28,0.2327,13,0,4583.47,819,0.002,0.5899,4342.49,5.12,0,Normal
EC-001588,Microcrédito,Guayas,2858.93,0.3277,146,0,2831.23,822,0.002,0.6367,2496.05,3.18,0,Normal
EC-001589,Consumo,Los Ríos,7844.68,0.5661,42,15,5899.57,688,0.002,0.456,4888.49,4.46,0,Vigilancia
EC-001590,Consumo,Azuay,1430.18,0.0786,125,0,6291.47,819,0.002,0.5838,5685.88,6.64,0,Normal
EC-001591,Consumo,Imbabura,3976.66,0.2,61,0,1924.58,834,0.002,0.5815,1878.78,2.18,0,Normal
EC-001592,Consumo,Chimborazo,4701.33,0.5526,136,60,5114.72,706,0.0037,0.6031,3908.82,8.72,0,Deficiente
EC-001593,Comercial,Manabí,3491.27,0.3653,162,30,18324.5,788,0.002,0.5398,14789.87,15.97,0,Vigilancia
EC-001594,Microcrédito,Pichincha,1182.46,0.2399,140,0,1427.23,814,0.002,0.3549,1295.92,0.92,0,Normal
EC-001595,Vivienda,Loja,5513.99,0.1046,166,15,82260.06,880,0.002,0.25,78418.58,39.21,0,Vigilancia
EC-001596,Productivo,Manabí,4910.16,0.2451,98,0,24938.61,886,0.002,0.5521,22509.08,24.85,0,Normal
EC-001597,Consumo,Chimborazo,3260.81,0.1238,12,0,4900.89,841,0.002,0.5518,4339.43,4.79,0,Normal
EC-001598,Consumo,Chimborazo,2522.05,0.4942,97,15,1962.82,763,0.002,0.4428,1460.35,1.29,0,Vigilancia
EC-001599,Vivienda,El Oro,2557.97,0.3363,84,0,17141.1,799,0.002,0.25,14423.21,7.21,0,Normal
EC-001600,Consumo,Chimborazo,2098.17,0.2658,130,0,3625.63,823,0.002,0.4125,3514.14,2.9,0,Normal
EC-001601,Comercial,Manabí,3349.31,0.364,45,60,19607.21,720,0.00227,0.4213,16102.6,15.42,0,Deficiente
EC-001602,Consumo,Manabí,2253.5,0.1406,126,30,5195.75,876,0.002,0.4073,4295.23,3.5,0,Vigilancia
EC-001603,Productivo,Los Ríos,1272.14,0.3656,80,90,4774.11,702,0.00512,0.4307,3915.32,8.64,0,Dudoso
EC-001604,Vivienda,Tungurahua,1117.02,0.2443,121,60,31464.44,773,0.002,0.25,25850.22,12.93,0,Deficiente
EC-001605,Consumo,El Oro,1354.48,0.4647,76,0,5134.28,753,0.002,0.4389,4278.56,3.76,0,Normal
EC-001606,Consumo,Manabí,2551.37,0.3026,69,5,9190.59,773,0.002,0.6793,8607.37,11.69,0,Vigilancia
EC-001607,Comercial,Imbabura,2169.99,0.349,39,0,68016.92,807,0.002,0.5188,57638.73,59.8,0,Normal
EC-001608,Consumo,Imbabura,2540.14,0.6368,150,15,12394.34,767,0.002,0.4637,11030.76,10.23,0,Vigilancia
EC-001609,Microcrédito,Manabí,3058.04,0.0341,13,0,1523.09,900,0.002,0.5878,1285.3,1.51,0,Normal
EC-001610,Microcrédito,Pichincha,1468.86,0.0873,43,0,8127.37,765,0.002,0.5049,7840.26,7.92,0,Normal
EC-001611,Consumo,Guayas,5725.47,0.1459,77,0,11963.41,900,0.002,0.3597,9212.42,6.63,0,Normal
EC-001612,Vivienda,Guayas,1855.65,0.076,29,30,37410.57,827,0.002,0.25,28223.01,14.11,0,Vigilancia
EC-001613,Vivienda,Manabí,1666.15,0.1906,166,0,52097.41,874,0.002,0.25,43457.75,21.73,0,Normal
EC-001614,Microcrédito,Tungurahua,3021.63,0.0458,63,5,9682.71,803,0.002,0.5385,9613.0,10.35,0,Vigilancia
EC-001615,Vivienda,Los Ríos,669.32,0.141,44,60,55983.34,741,0.002,0.25,51277.55,25.64,0,Deficiente
EC-001616,Consumo,Azuay,1321.01,0.5091,46,30,12202.15,741,0.002,0.5092,10891.1,11.09,0,Vigilancia
EC-001617,Consumo,Imbabura,4178.46,0.1374,35,0,2978.08,807,0.002,0.4139,2469.7,2.04,0,Normal
EC-001618,Productivo,Tungurahua,713.85,0.4088,120,0,12635.9,682,0.002,0.4486,10142.11,9.1,0,Normal
EC-001619,Comercial,Pichincha,4566.14,0.6088,87,90,17937.9,640,0.01457,0.5768,17719.8,148.92,0,Dudoso
EC-001620,Consumo,Loja,5897.23,0.3082,42,5,16327.22,805,0.002,0.4251,13707.32,11.65,0,Vigilancia
EC-001621,Consumo,Loja,1736.89,0.0834,158,0,1994.72,900,0.002,0.4877,1833.36,1.79,0,Normal
EC-001622,Microcrédito,Los Ríos,2669.58,0.4255,119,120,6400.45,625,0.02176,0.3741,6060.73,49.33,0,Pérdida
EC-001623,Vivienda,Chimborazo,4570.63,0.1275,73,0,16321.43,855,0.002,0.25,14756.31,7.38,0,Normal
EC-001624,Consumo,Los Ríos,1630.41,0.2313,93,0,5399.17,852,0.002,0.5279,4239.05,4.48,0,Normal
EC-001625,Microcrédito,El Oro,3881.8,0.6255,119,0,2190.07,786,0.002,0.6186,1753.45,2.17,0,Normal
EC-001626,Vivienda,Manabí,1427.6,0.0989,28,0,16786.71,820,0.002,0.25,12194.46,6.1,0,Normal
EC-001627,Microcrédito,Loja,1618.99,0.362,146,0,10279.56,835,0.002,0.6781,10191.42,13.82,0,Normal
EC-001628,Consumo,Imbabura,1313.47,0.2668,47,15,7027.98,770,0.002,0.4296,6702.61,5.76,0,Vigilancia
EC-001629,Consumo,Pichincha,2759.27,0.2923,6,0,4556.96,804,0.002,0.5949,3796.51,4.52,0,Normal
EC-001630,Microcrédito,Azuay,4687.62,0.1839,94,15,3760.98,852,0.002,0.4927,3647.69,3.59,0,Vigilancia
EC-001631,Microcrédito,Guayas,1959.27,0.5396,158,45,4803.72,732,0.00228,0.4741,3665.38,3.96,0,Deficiente
EC-001632,Vivienda,Manabí,966.51,0.3407,132,60,56567.24,732,0.00207,0.25,41394.24,21.47,0,Deficiente
EC-001633,Productivo,Azuay,1092.52,0.4523,56,0,35846.0,728,0.002,0.6653,27167.05,36.15,0,Normal
EC-001634,Productivo,Guayas,2854.04,0.0775,72,30,14450.56,759,0.002,0.5993,13978.85,16.76,0,Vigilancia
EC-001635,Comercial,Loja,7322.27,0.02,108,0,68020.29,887,0.002,0.4589,52031.26,47.76,0,Normal
EC-001636,Microcrédito,Los Ríos,2852.41,0.4622,42,15,1951.41,785,0.002,0.5183,1442.24,1.49,0,Vigilancia
EC-001637,Microcrédito,El Oro,1717.31,0.3284,148,0,7115.06,826,0.002,0.4217,5492.49,4.63,0,Normal
EC-001638,Comercial,Los Ríos,3633.75,0.0836,54,15,46184.81,851,0.002,0.5547,38620.55,42.84,0,Vigilancia
EC-001639,Consumo,Chimborazo,1889.99,0.4302,40,0,8003.39,773,0.002,0.4829,6874.92,6.64,0,Normal
EC-001640,Productivo,Chimborazo,1726.95,0.5124,18,15,14097.74,741,0.002,0.4253,11081.63,9.43,0,Vigilancia
EC-001641,Vivienda,Loja,1184.41,0.214,125,0,46277.35,798,0.002,0.25,43759.89,21.88,0,Normal
EC-001642,Consumo,Los Ríos,5516.46,0.495,5,0,4531.83,791,0.002,0.6554,4480.88,5.87,0,Normal
EC-001643,Microcrédito,Chimborazo,450.0,0.5295,145,5,1771.48,774,0.002,0.376,1419.73,1.07,0,Vigilancia
EC-001644,Consumo,Chimborazo,3709.34,0.2131,176,0,6402.77,832,0.002,0.4587,6279.22,5.76,0,Normal
EC-001645,Consumo,Loja,1633.64,0.5342,21,15,9719.63,740,0.002,0.4128,9224.1,7.62,0,Vigilancia
EC-001646,Microcrédito,Azuay,1691.34,0.3018,18,15,1999.07,718,0.002,0.5131,1935.27,1.99,0,Vigilancia
EC-001647,Consumo,El Oro,6634.28,0.4846,169,5,6521.42,788,0.002,0.4143,4804.43,3.98,0,Vigilancia
EC-001648,Vivienda,Chimborazo,1388.27,0.6422,23,30,57026.68,674,0.00413,0.25,54376.75,56.19,0,Vigilancia
EC-001649,Comercial,Chimborazo,1419.35,0.1333,74,45,32826.83,829,0.002,0.4242,29020.86,24.62,0,Deficiente
EC-001650,Vivienda,El Oro,2028.89,0.1867,157,90,24849.45,716,0.003,0.25,18157.8,13.6,0,Dudoso
EC-001651,Consumo,Guayas,2889.97,0.6848,26,0,2562.01,747,0.002,0.4216,2385.29,2.01,0,Normal
EC-001652,Consumo,Manabí,1657.05,0.2788,120,5,2139.75,801,0.002,0.4482,1685.44,1.51,0,Vigilancia
EC-001653,Consumo,Imbabura,793.93,0.3636,69,30,5650.87,665,0.00266,0.5618,5329.8,7.97,0,Vigilancia
EC-001654,Consumo,El Oro,1258.02,0.3147,79,0,5852.0,795,0.002,0.4192,5239.16,4.39,0,Normal
EC-001655,Comercial,Loja,5078.99,0.1479,168,0,40611.6,870,0.002,0.58,34838.78,40.41,0,Normal
EC-001656,Microcrédito,Loja,2318.34,0.481,117,0,3044.67,783,0.002,0.492,2212.1,2.18,0,Normal
EC-001657,Consumo,Pichincha,2960.78,0.3839,58,5,2965.69,791,0.002,0.415,2874.08,2.39,0,Vigilancia
EC-001658,Vivienda,Azuay,1863.25,0.3139,169,0,49424.49,797,0.002,0.25,37627.76,18.81,0,Normal
EC-001659,Microcrédito,Tungurahua,1438.46,0.1105,105,15,7608.24,825,0.002,0.524,7245.44,7.59,0,Vigilancia
EC-001660,Consumo,Azuay,6570.99,0.1445,18,5,9049.19,802,0.002,0.4749,8259.06,7.85,0,Vigilancia
EC-001661,Consumo,Chimborazo,1954.08,0.2383,71,15,8267.21,734,0.002,0.5195,6113.44,6.35,0,Vigilancia
EC-001662,Productivo,Pichincha,1655.42,0.5919,44,0,11945.43,732,0.002,0.6182,10414.27,12.88,0,Normal
EC-001663,Vivienda,El Oro,4502.97,0.6167,116,30,49172.31,687,0.00306,0.25,48645.73,37.2,0,Vigilancia
EC-001664,Consumo,Manabí,1380.87,0.275,155,15,8283.9,838,0.002,0.4799,8104.85,7.78,0,Vigilancia
EC-001665,Comercial,Los Ríos,1500.31,0.0857,8,0,9399.75,768,0.002,0.4871,7152.87,6.97,0,Normal
EC-001666,Vivienda,Los Ríos,2223.11,0.3277,141,0,60088.4,823,0.002,0.25,46177.42,23.09,0,Normal
EC-001667,Vivienda,El Oro,2208.74,0.2844,165,0,17597.65,897,0.002,0.25,13427.32,6.71,0,Normal
EC-001668,Consumo,Tungurahua,2614.29,0.4515,179,90,14350.16,659,0.00935,0.537,13370.46,67.16,0,Dudoso
EC-001669,Consumo,Tungurahua,8600.58,0.5043,120,0,2413.71,786,0.002,0.543,1846.52,2.01,0,Normal
EC-001670,Vivienda,El Oro,2747.82,0.1638,57,0,18136.38,857,0.002,0.25,13386.15,6.69,0,Normal
EC-001671,Consumo,Guayas,470.72,0.1007,27,0,3267.98,851,0.002,0.3753,2710.12,2.03,0,Normal
EC-001672,Productivo,Manabí,2730.1,0.4691,171,0,59722.81,769,0.002,0.5018,59169.12,59.38,0,Normal
EC-001673,Vivienda,Azuay,2263.4,0.3995,75,0,13304.07,754,0.002,0.25,10727.24,5.36,0,Normal
EC-001674,Consumo,Manabí,2271.61,0.3651,62,45,9164.3,757,0.002,0.5002,8456.69,8.46,0,Deficiente
EC-001675,Vivienda,Tungurahua,2591.17,0.0636,133,0,13882.43,809,0.002,0.25,10554.94,5.28,0,Normal
EC-001676,Comercial,Azuay,2167.56,0.2296,129,45,28618.1,804,0.002,0.5448,25582.32,27.88,0,Deficiente
EC-001677,Productivo,Azuay,2134.1,0.1607,146,0,24085.18,838,0.002,0.5034,21260.63,21.4,0,Normal
EC-001678,Microcrédito,Los Ríos,3289.46,0.1875,159,0,1297.88,850,0.002,0.376,1263.06,0.95,0,Normal
EC-001679,Vivienda,Loja,1552.54,0.1614,158,30,41259.65,789,0.002,0.25,37985.12,18.99,0,Vigilancia
EC-001680,Microcrédito,Guayas,1192.73,0.3641,31,15,3216.16,813,0.002,0.5264,2424.4,2.55,0,Vigilancia
EC-001681,Vivienda,Imbabura,15763.59,0.059,31,60,62192.22,806,0.002,0.25,51827.51,25.91,0,Deficiente
EC-001682,Vivienda,Imbabura,1386.71,0.3982,38,0,15368.04,766,0.002,0.25,11067.38,5.53,0,Normal
EC-001683,Vivienda,Los Ríos,2356.88,0.1881,113,0,74652.38,832,0.002,0.25,58787.19,29.39,0,Normal
EC-001684,Consumo,Imbabura,835.32,0.2219,105,15,4679.69,800,0.002,0.5382,4642.11,5.0,0,Vigilancia
EC-001685,Consumo,Chimborazo,2382.02,0.5645,155,0,6744.65,843,0.002,0.355,5716.82,4.06,0,Normal
EC-001686,Consumo,El Oro,1204.0,0.1994,152,45,5389.39,730,0.002,0.628,5189.56,6.52,0,Deficiente
EC-001687,Microcrédito,Azuay,1656.38,0.2312,147,0,11002.58,870,0.002,0.6627,7994.96,10.6,0,Normal
EC-001688,Microcrédito,Los Ríos,4355.92,0.2194,15,0,2487.23,846,0.002,0.6719,2403.7,3.23,0,Normal
EC-001689,Productivo,Azuay,3001.32,0.6491,126,30,19173.84,756,0.002,0.4248,18580.04,15.78,0,Vigilancia
EC-001690,Microcrédito,Azuay,3195.4,0.1725,154,15,6401.5,854,0.002,0.5134,5780.3,5.94,0,Vigilancia
EC-001691,Vivienda,Los Ríos,698.35,0.3464,177,60,54222.99,717,0.00251,0.25,40805.53,25.64,0,Deficiente
EC-001692,Comercial,Los Ríos,7287.98,0.1645,62,60,14224.26,807,0.002,0.5768,13730.46,15.84,0,Deficiente
EC-001693,Consumo,Loja,1017.68,0.1569,140,0,20203.31,853,0.002,0.4486,19636.85,17.62,0,Normal
EC-001694,Vivienda,Imbabura,5964.4,0.0801,74,15,63123.38,878,0.002,0.25,49002.25,24.5,0,Vigilancia
EC-001695,Productivo,Chimborazo,4289.83,0.1815,29,180,23518.87,725,0.01245,0.5394,23124.83,155.29,0,Pérdida
EC-001696,Microcrédito,Imbabura,3213.98,0.08,62,0,2900.37,867,0.002,0.5909,2803.76,3.31,0,Normal
EC-001697,Consumo,Pichincha,1266.81,0.1967,46,0,3980.37,810,0.002,0.6699,3094.2,4.15,0,Normal
EC-001698,Vivienda,Tungurahua,2437.03,0.055,165,90,16163.13,733,0.002,0.25,13419.76,6.71,0,Dudoso
EC-001699,Comercial,Guayas,1626.04,0.3302,32,0,15252.71,810,0.002,0.5166,12419.83,12.83,0,Normal
EC-001700,Productivo,Los Ríos,2250.43,0.4746,24,90,57438.3,610,0.01678,0.4017,49368.41,332.66,0,Dudoso
EC-001701,Comercial,Pichincha,1877.29,0.3102,105,0,12597.81,801,0.002,0.5545,12206.27,13.54,0,Normal
EC-001702,Comercial,Chimborazo,586.93,0.082,104,60,27215.44,739,0.002,0.5625,26257.92,29.54,0,Deficiente
EC-001703,Microcrédito,Guayas,4578.65,0.268,101,5,2430.12,842,0.002,0.5388,1869.22,2.01,0,Vigilancia
EC-001704,Productivo,Manabí,2094.94,0.0855,27,15,25411.66,805,0.002,0.4893,22217.85,21.74,0,Vigilancia
EC-001705,Microcrédito,Azuay,1611.43,0.1214,90,30,4937.22,767,0.002,0.5419,4293.05,4.65,0,Vigilancia
EC-001706,Comercial,Los Ríos,1534.24,0.4352,168,0,28121.22,746,0.002,0.5262,23793.69,25.04,0,Normal
EC-001707,Consumo,Loja,2787.77,0.1692,17,5,2402.69,807,0.002,0.6617,2210.76,2.93,0,Vigilancia
EC-001708,Microcrédito,Imbabura,1235.29,0.2433,144,90,2516.59,689,0.00468,0.6264,2267.12,6.64,0,Dudoso
EC-001709,Vivienda,Pichincha,509.86,0.6189,23,120,22842.75,561,0.06657,0.25,18206.36,302.99,0,Pérdida
EC-001710,Consumo,Manabí,2877.38,0.0459,43,120,7275.88,699,0.00454,0.5384,5947.95,14.55,0,Pérdida
EC-001711,Vivienda,Chimborazo,3094.61,0.5201,162,15,78611.29,765,0.002,0.25,76154.15,38.08,0,Vigilancia
EC-001712,Microcrédito,Chimborazo,1939.6,0.4345,54,5,3513.07,785,0.002,0.5185,2849.86,2.96,0,Vigilancia
EC-001713,Comercial,Azuay,1047.19,0.56,95,0,16959.13,774,0.002,0.3692,14319.34,10.57,0,Normal
EC-001714,Vivienda,Loja,2339.77,0.2656,69,5,23477.44,745,0.002,0.25,23299.27,11.65,0,Vigilancia
EC-001715,Consumo,Manabí,852.4,0.6222,111,5,1578.9,688,0.0022,0.5913,1515.81,1.98,0,Vigilancia
EC-001716,Vivienda,El Oro,1132.63,0.1263,73,0,84361.94,864,0.002,0.25,77251.04,38.63,0,Normal
EC-001717,Microcrédito,El Oro,1355.66,0.4436,80,0,1652.87,782,0.002,0.6475,1330.77,1.72,0,Normal
EC-001718,Productivo,Guayas,3822.12,0.3386,148,5,6927.56,844,0.002,0.6747,6207.44,8.38,0,Vigilancia
EC-001719,Productivo,Imbabura,1744.64,0.02,100,0,12867.62,824,0.002,0.6183,11577.84,14.32,0,Normal
EC-001720,Vivienda,Azuay,1650.59,0.1578,102,0,44847.96,830,0.002,0.25,37458.69,18.73,0,Normal
EC-001721,Consumo,Loja,7867.93,0.3677,146,0,3198.01,806,0.002,0.5109,2334.91,2.39,0,Normal
EC-001722,Consumo,Los Ríos,2776.93,0.497,78,45,5358.62,714,0.00248,0.6517,4408.15,7.11,0,Deficiente
EC-001723,Productivo,Tungurahua,2752.72,0.7772,149,120,64606.3,551,0.09142,0.6586,55708.55,3353.95,0,Pérdida
EC-001724,Microcrédito,Loja,1736.62,0.487,130,5,4089.87,784,0.002,0.5558,4032.78,4.48,0,Vigilancia
EC-001725,Microcrédito,Chimborazo,1498.71,0.2971,160,120,2390.13,650,0.01336,0.3997,2207.76,11.79,0,Pérdida
EC-001726,Consumo,Loja,533.17,0.0899,83,60,5775.65,814,0.002,0.4003,4333.0,3.47,0,Deficiente
EC-001727,Microcrédito,El Oro,4145.1,0.0534,101,0,2701.16,900,0.002,0.5059,2172.81,2.2,0,Normal
EC-001728,Vivienda,Azuay,2955.44,0.3563,24,0,31047.97,753,0.002,0.25,26889.76,13.44,0,Normal
EC-001729,Consumo,Guayas,1965.58,0.2924,21,0,2905.75,804,0.002,0.5155,2459.17,2.54,0,Normal
EC-001730,Microcrédito,Manabí,2019.9,0.2771,20,0,3818.26,834,0.002,0.614,2754.62,3.38,0,Normal
EC-001731,Comercial,El Oro,3563.48,0.4635,114,5,8896.47,799,0.002,0.604,8734.81,10.55,0,Vigilancia
EC-001732,Consumo,Los Ríos,803.87,0.4757,59,0,6441.54,744,0.002,0.4172,6268.46,5.23,0,Normal
EC-001733,Vivienda,Loja,1505.04,0.0467,53,90,57476.03,749,0.002,0.25,56248.83,28.12,0,Dudoso
EC-001734,Consumo,Los Ríos,1055.11,0.3507,109,5,5838.71,736,0.002,0.5829,4904.49,5.72,0,Vigilancia
EC-001735,Vivienda,Tungurahua,6984.73,0.4472,72,0,28597.28,788,0.002,0.25,27263.08,13.63,0,Normal
EC-001736,Vivienda,Pichincha,3901.73,0.1123,25,180,77690.68,638,0.02812,0.25,71350.38,501.61,0,Pérdida
EC-001737,Vivienda,Imbabura,527.55,0.0284,101,120,51987.04,720,0.00378,0.25,44879.81,42.46,0,Pérdida
EC-001738,Consumo,El Oro,825.55,0.4736,100,30,2402.68,687,0.00261,0.4989,1781.82,2.32,0,Vigilancia
EC-001739,Microcrédito,Loja,2026.32,0.5028,26,45,781.88,700,0.003,0.5416,599.7,0.97,0,Deficiente
EC-001740,Vivienda,Manabí,1624.43,0.2244,49,180,57558.8,670,0.02682,0.25,45281.81,303.63,0,Pérdida
EC-001741,Consumo,Loja,933.7,0.171,43,5,3182.68,823,0.002,0.6376,3089.92,3.94,0,Vigilancia
EC-001742,Consumo,Tungurahua,7817.31,0.3811,126,60,1688.46,710,0.00225,0.5338,1530.26,1.83,0,Deficiente
EC-001743,Consumo,El Oro,2705.79,0.2389,45,0,1329.31,815,0.002,0.6707,1322.99,1.77,0,Normal
EC-001744,Comercial,Manabí,3006.8,0.2899,6,0,29864.74,846,0.002,0.5219,26239.19,27.39,0,Normal
EC-001745,Productivo,Azuay,1408.37,0.0554,49,0,15084.2,844,0.002,0.3636,11218.38,8.16,0,Normal
EC-001746,Productivo,Loja,3531.5,0.1091,85,0,9106.29,863,0.002,0.5357,7774.71,8.33,0,Normal
EC-001747,Vivienda,Manabí,1724.55,0.3488,139,0,47588.64,786,0.002,0.25,35753.33,17.88,0,Normal
EC-001748,Microcrédito,Manabí,1836.89,0.2737,10,0,931.75,840,0.002,0.675,906.02,1.22,0,Normal
EC-001749,Microcrédito,Loja,3285.1,0.5053,159,0,1394.63,779,0.002,0.3848,1112.86,0.86,0,Normal
EC-001750,Microcrédito,El Oro,765.98,0.2199,60,0,8126.99,790,0.002,0.4954,6300.33,6.24,0,Normal
EC-001751,Productivo,Azuay,6235.84,0.0846,62,0,15783.51,869,0.002,0.5436,13625.22,14.81,0,Normal
EC-001752,Consumo,El Oro,2486.31,0.2546,3,45,3207.99,741,0.002,0.6409,3034.71,3.89,0,Deficiente
EC-001753,Vivienda,Guayas,5077.7,0.3779,50,5,29391.32,839,0.002,0.25,25361.7,12.68,0,Vigilancia
EC-001754,Vivienda,Manabí,1097.71,0.2816,85,15,53591.25,789,0.002,0.25,39159.16,19.58,0,Vigilancia
EC-001755,Microcrédito,Imbabura,1211.9,0.702,113,0,4292.99,671,0.0028,0.6336,3984.01,7.07,0,Normal
EC-001756,Productivo,Los Ríos,1037.7,0.6993,139,45,13775.42,677,0.00592,0.5692,10049.72,33.86,0,Deficiente
EC-001757,Consumo,Tungurahua,2598.51,0.5743,95,0,3447.42,816,0.002,0.6454,3065.53,3.96,0,Normal
EC-001758,Comercial,Imbabura,2305.12,0.5652,19,0,17705.1,783,0.002,0.6253,15806.08,19.77,0,Normal
EC-001759,Comercial,Pichincha,1632.93,0.5601,71,0,20014.02,709,0.002,0.3927,15578.62,12.23,0,Normal
EC-001760,Comercial,Loja,1142.36,0.5254,133,90,17446.02,630,0.01549,0.667,14742.6,152.3,0,Dudoso
EC-001761,Microcrédito,Tungurahua,969.43,0.1818,116,180,4996.56,675,0.02406,0.4999,3606.19,43.38,0,Pérdida
EC-001762,Consumo,Los Ríos,2139.84,0.2236,106,30,12604.18,793,0.002,0.6742,10076.16,13.59,0,Vigilancia
EC-001763,Consumo,El Oro,1631.69,0.3582,92,30,2467.33,771,0.002,0.4117,2204.36,1.82,0,Vigilancia
EC-001764,Consumo,Los Ríos,1414.25,0.4069,91,0,2625.07,773,0.002,0.6118,2098.92,2.57,0,Normal
EC-001765,Consumo,Azuay,6036.67,0.5264,179,15,10206.62,725,0.002,0.4506,7484.89,6.75,0,Vigilancia
EC-001766,Consumo,Guayas,2093.28,0.3679,108,0,5003.75,835,0.002,0.3648,4547.38,3.32,0,Normal
EC-001767,Comercial,Pichincha,5041.85,0.2586,108,0,19801.82,796,0.002,0.678,18373.53,24.92,0,Normal
EC-001768,Consumo,El Oro,1561.47,0.1762,61,180,7035.69,644,0.03244,0.4502,6765.77,98.79,0,Pérdida
EC-001769,Consumo,Tungurahua,2589.2,0.3319,89,180,3695.96,607,0.06232,0.3766,3567.17,83.72,0,Pérdida
EC-001770,Vivienda,Azuay,2130.13,0.2096,128,0,59927.42,861,0.002,0.25,51475.78,25.74,0,Normal
EC-001771,Productivo,Imbabura,732.56,0.1945,155,0,5100.45,837,0.002,0.4926,4254.09,4.19,0,Normal
EC-001772,Vivienda,Imbabura,5588.24,0.2378,141,0,57622.61,874,0.002,0.25,50940.82,25.47,0,Normal
EC-001773,Productivo,Loja,2022.62,0.1505,120,0,21163.01,826,0.002,0.675,19934.44,26.91,0,Normal
EC-001774,Vivienda,Azuay,3587.36,0.2361,141,0,50915.24,795,0.002,0.25,43435.44,21.72,0,Normal
EC-001775,Productivo,Imbabura,1354.49,0.341,6,15,35485.02,749,0.002,0.3721,35436.99,26.38,0,Vigilancia
EC-001776,Microcrédito,Tungurahua,1983.96,0.2038,49,0,5546.83,821,0.002,0.5781,4983.85,5.76,0,Normal
EC-001777,Productivo,Guayas,1257.08,0.6258,44,0,4321.95,733,0.002,0.5845,3484.66,4.07,0,Normal
EC-001778,Microcrédito,Azuay,4931.5,0.4267,118,0,2322.08,739,0.002,0.4141,2187.95,1.81,0,Normal
EC-001779,Microcrédito,Manabí,2703.81,0.4296,136,30,6608.65,768,0.002,0.53,5037.21,5.34,0,Vigilancia
EC-001780,Microcrédito,El Oro,2803.39,0.3376,27,0,3352.08,765,0.002,0.4718,3291.81,3.11,0,Normal
EC-001781,Consumo,Guayas,5339.14,0.1148,35,0,2899.5,833,0.002,0.3665,2363.96,1.73,0,Normal
EC-001782,Vivienda,Chimborazo,4682.66,0.3307,90,15,41212.09,835,0.002,0.25,37577.73,18.79,0,Vigilancia
EC-001783,Consumo,Loja,3631.76,0.536,175,30,5032.61,653,0.00386,0.6501,4504.62,11.32,0,Vigilancia
EC-001784,Consumo,Loja,876.45,0.1574,1,0,3531.85,833,0.002,0.4491,2637.75,2.37,0,Normal
EC-001785,Consumo,Pichincha,1405.02,0.1102,159,30,13931.23,829,0.002,0.4236,12845.34,10.88,0,Vigilancia
EC-001786,Vivienda,Los Ríos,1149.95,0.2545,35,0,21897.56,780,0.002,0.25,17678.11,8.84,0,Normal
EC-001787,Microcrédito,Azuay,3543.59,0.1771,49,15,2288.36,804,0.002,0.4762,1891.86,1.8,0,Vigilancia
EC-001788,Productivo,Chimborazo,2467.41,0.3895,114,0,3606.65,842,0.002,0.6604,2694.26,3.56,0,Normal
EC-001789,Vivienda,Manabí,894.41,0.2663,132,90,65259.21,766,0.00213,0.25,61788.96,32.9,0,Dudoso
EC-001790,Consumo,Los Ríos,1953.38,0.4918,158,180,914.49,650,0.05522,0.5053,878.71,24.52,0,Pérdida
EC-001791,Vivienda,Guayas,836.17,0.0474,1,30,65423.69,872,0.002,0.25,49564.65,24.78,0,Vigilancia
EC-001792,Consumo,Guayas,2133.35,0.5794,9,90,4140.86,589,0.02588,0.3954,3923.59,40.15,0,Dudoso
EC-001793,Consumo,Los Ríos,752.96,0.2607,87,0,11865.95,757,0.002,0.4129,11527.06,9.52,0,Normal
EC-001794,Productivo,Los Ríos,3114.23,0.302,101,15,13641.64,797,0.002,0.4267,10193.61,8.7,0,Vigilancia
EC-001795,Comercial,El Oro,2823.34,0.3642,47,0,18349.45,822,0.002,0.5052,18336.24,18.53,0,Normal
EC-001796,Consumo,Pichincha,7632.47,0.1162,115,0,4398.77,808,0.002,0.4728,3172.72,3.0,0,Normal
EC-001797,Microcrédito,Chimborazo,3831.91,0.3764,48,0,5679.18,762,0.002,0.6141,5428.58,6.67,0,Normal
EC-001798,Consumo,Loja,1677.58,0.2957,168,30,7417.4,749,0.002,0.4479,6500.03,5.82,0,Vigilancia
EC-001799,Microcrédito,Chimborazo,3758.39,0.3656,32,30,2769.44,766,0.002,0.4901,2736.31,2.68,0,Vigilancia
EC-001800,Productivo,Los Ríos,890.26,0.1938,118,60,11847.39,762,0.002,0.3905,9651.69,7.54,0,Deficiente
